id,iteracion,optimizador,clasificador,accuracy,precision,recall,best_epoch,best_fitness,total_time,features
,1,BaseDE,knn,0.9546092653,0.8835125657,0.8676914104,33,0.8669472708,312.0111461,"Index(['meanX', 'sdY2', 'maxZ2', 'minX2', 'corXZ2', 'sdMagnitude2'], dtype='object')"
,1,BaseDE,svm,0.9560131025,0.882713624,0.8562306458,34,0.8603293886,603.1539459,"Index(['maxZ', 'meanMagnitude', 'meanX2', 'meanZ2', 'sdX2', 'sdY2', 'maxX2',
       'corXZ2', 'auc2'],
      dtype='object')"
,2,BaseDE,knn,0.9457182967,0.8621052482,0.8187418404,50,0.86357316,336.81759,"Index(['meanDif', 'maxX2', 'maxZ2', 'minZ2', 'meanMagnitude2'], dtype='object')"
,2,BaseDE,svm,0.9499298081,0.8573550659,0.8241763783,43,0.8669118219,617.4557121,"Index(['maxX', 'meanX2', 'maxX2', 'minX2', 'corXZ2'], dtype='object')"
,3,BaseDE,knn,0.9508656996,0.8679342758,0.8403221149,48,0.8628273749,331.5766804,"Index(['minZ', 'meanX2', 'sdX2', 'sdY2', 'corXY2', 'corXZ2', 'auc2'], dtype='object')"
,3,BaseDE,svm,0.9569489939,0.8861642627,0.859902348,30,0.8649193353,589.3393505,"Index(['minX', 'minY', 'auc', 'sdX2', 'maxX2', 'maxZ2', 'corXZ2'], dtype='object')"
,4,BaseDE,knn,0.936827328,0.8111585221,0.7891751921,49,0.8645628994,325.796957,"Index(['sdMagnitude', 'meanY2', 'sdX2', 'minZ2'], dtype='object')"
,4,BaseDE,svm,0.9326158166,0.7860660033,0.7596812766,47,0.8685473546,579.8801694,"Index(['sdX2', 'minX2', 'minY2', 'corXY2', 'corXZ2'], dtype='object')"
,5,BaseDE,knn,0.9466541881,0.8535686398,0.8337211585,46,0.8655856984,328.2493038,"Index(['maxY', 'sdY2', 'sdZ2', 'minX2', 'corXZ2'], dtype='object')"
,5,BaseDE,svm,0.9358914366,0.8041941931,0.783627992,42,0.8623299554,596.7795873,"Index(['sdX', 'sdZ', 'meanX2', 'sdZ2', 'maxY2', 'minX2', 'corXZ2'], dtype='object')"
,6,BaseDE,knn,0.9494618624,0.8606841673,0.841880952,50,0.8635819784,338.2281592,"Index(['minX', 'meanDif', 'sdY2', 'maxX2', 'maxZ2', 'corXZ2',
       'meanMagnitude2'],
      dtype='object')"
,6,BaseDE,svm,0.9560131025,0.8800409087,0.8572147321,34,0.8660625724,595.1499496,"Index(['maxZ', 'minY', 'meanZ2', 'sdX2', 'sdY2', 'corXZ2', 'sdMagnitude2'], dtype='object')"
,7,BaseDE,knn,0.9377632195,0.8260362631,0.7973967757,50,0.8667616997,315.3008702,"Index(['sdX2', 'maxX2', 'auc2'], dtype='object')"
,7,BaseDE,svm,0.9480580253,0.861036536,0.8206424864,36,0.8658996155,604.3631189,"Index(['meanZ', 'sdX', 'sdX2', 'minY2', 'corXZ2', 'meanMagnitude2'], dtype='object')"
,8,BaseDE,knn,0.9415067852,0.8301855753,0.811096504,49,0.8667784016,319.3117838,"Index(['auc', 'meanX2', 'sdX2', 'sdY2', 'corXZ2'], dtype='object')"
,8,BaseDE,svm,0.930276088,0.7817705472,0.7518700246,46,0.8671563931,582.4303875,"Index(['sdY2', 'maxY2', 'minZ2', 'corXZ2', 'sdMagnitude2'], dtype='object')"
,9,BaseDE,knn,0.9560131025,0.8997573956,0.8493598532,35,0.8618260571,321.5447795,"Index(['meanX', 'sdY2', 'maxX2', 'maxY2', 'maxZ2', 'meanMagnitude2'], dtype='object')"
,9,BaseDE,svm,0.9312119794,0.7919509488,0.7615256409,41,0.8662821397,583.4517255,"Index(['sdY2', 'sdZ2', 'maxX2', 'maxY2', 'minX2', 'corXZ2'], dtype='object')"
,10,BaseDE,knn,0.9475900796,0.8694981618,0.8363244201,48,0.8607701246,320.7838318,"Index(['meanX', 'minY', 'maxZ2', 'minY2', 'minZ2', 'corXZ2'], dtype='object')"
,10,BaseDE,svm,0.9583528311,0.8854048766,0.8640125222,34,0.8659321082,582.1464963,"Index(['maxX', 'maxZ', 'sdX2', 'sdY2', 'sdZ2', 'maxX2', 'corXZ2'], dtype='object')"
,11,BaseDE,knn,0.9471221338,0.857323869,0.8362671311,48,0.8663649364,319.5096567,"Index(['meanX', 'maxX2', 'corXY2', 'corXZ2', 'sdMagnitude2'], dtype='object')"
,11,BaseDE,svm,0.9513336453,0.869560497,0.8389756772,49,0.8674113845,582.3521576,"Index(['minX', 'sdY2', 'maxX2', 'maxY2', 'maxZ2', 'corXZ2'], dtype='object')"
,12,BaseDE,knn,0.9438465138,0.8471855546,0.8310095849,41,0.8654954376,314.0478029,"Index(['meanZ', 'meanMagnitude', 'sdX2', 'maxX2', 'corXY2'], dtype='object')"
,12,BaseDE,svm,0.9597566682,0.8885212213,0.8747413625,36,0.865983939,593.1846387,"Index(['maxZ', 'meanY2', 'sdX2', 'sdY2', 'maxZ2', 'minZ2', 'corXZ2'], dtype='object')"
,13,BaseDE,knn,0.9494618624,0.8744152267,0.84280877,48,0.8680073915,297.9963043,"Index(['meanZ', 'minX', 'minX2', 'corXZ2'], dtype='object')"
,13,BaseDE,svm,0.9597566682,0.8927238545,0.8681809274,48,0.864157809,606.4342844,"Index(['maxZ', 'minX', 'sdX2', 'sdY2', 'maxZ2', 'minZ2', 'corXY2', 'corXZ2'], dtype='object')"
,14,BaseDE,knn,0.9546092653,0.884319233,0.865814869,30,0.8649558439,321.5739782,"Index(['meanZ', 'sdX', 'sdX2', 'sdY2', 'maxX2'], dtype='object')"
,14,BaseDE,svm,0.9574169396,0.8869126479,0.8582081272,46,0.8617526953,603.8116424,"Index(['meanX', 'sdX', 'sdZ', 'maxZ', 'minX', 'sdX2', 'maxX2', 'corXZ2'], dtype='object')"
,15,BaseDE,knn,0.9569489939,0.8869169986,0.867905897,47,0.864444432,327.8003988,"Index(['maxX', 'sdMagnitude', 'auc', 'sdX2', 'minZ2'], dtype='object')"
,15,BaseDE,svm,0.951801591,0.8648003965,0.8408522072,36,0.865936641,602.9978118,"Index(['sdX', 'maxX', 'sdX2', 'maxY2', 'minX2', 'corXZ2', 'corYZ2'], dtype='object')"
,16,BaseDE,knn,0.951333645,0.874483263,0.853435435,46,0.862976586,320.4775023,"Index(['sdMagnitude', 'auc', 'sdX2', 'sdY2', 'maxX2', 'maxY2'], dtype='object')"
,16,BaseDE,svm,0.95414132,0.870208063,0.840065057,46,0.862925125,586.3491826,"Index(['meanX', 'meanZ', 'meanX2', 'sdX2', 'sdZ2', 'corXZ2', 'meanDif2'], dtype='object')"
,17,BaseDE,knn,0.948525971,0.868441489,0.842222408,36,0.863918412,303.1822741,"Index(['meanZ', 'meanDif', 'meanZ2', 'sdX2', 'sdY2', 'meanMagnitude2'], dtype='object')"
,17,BaseDE,svm,0.952269537,0.864899758,0.834366873,48,0.866621307,563.3832211,"Index(['meanZ', 'meanX2', 'sdY2', 'corXZ2', 'sdMagnitude2', 'auc2'], dtype='object')"
,18,BaseDE,knn,0.952737482,0.885732226,0.855574443,38,0.868935619,320.5887611,"Index(['meanZ', 'meanZ2', 'sdX2', 'sdMagnitude2'], dtype='object')"
,18,BaseDE,svm,0.927000468,0.766840867,0.744109235,45,0.864391591,575.5494816,"Index(['sdZ2', 'maxX2', 'maxY2', 'corXZ2', 'sdMagnitude2', 'auc2'], dtype='object')"
,19,BaseDE,knn,0.942910622,0.838876829,0.815993614,47,0.865391948,301.7254634,"Index(['maxY', 'meanZ2', 'sdX2', 'sdY2', 'corXZ2', 'sdMagnitude2'], dtype='object')"
,19,BaseDE,svm,0.95414132,0.870506138,0.832900687,42,0.868733419,572.3252413,"Index(['meanX', 'meanZ2', 'sdX2', 'corXZ2'], dtype='object')"
,20,BaseDE,knn,0.949929808,0.861582655,0.860115618,48,0.869571213,280.0532629,"Index(['minX', 'minX2', 'corXZ2'], dtype='object')"
,20,BaseDE,svm,0.95414132,0.877962971,0.844300966,43,0.864919335,558.5727031,"Index(['minX', 'meanY2', 'sdX2', 'maxX2', 'minX2', 'corXY2', 'corXZ2'], dtype='object')"
,21,BaseDE,knn,0.953205428,0.890306792,0.837635555,32,0.866091789,287.5954187,"Index(['meanZ', 'maxX2', 'maxZ2', 'corXZ2', 'meanDif2'], dtype='object')"
,21,BaseDE,svm,0.948058025,0.844054331,0.802560504,49,0.866299901,567.8848176,"Index(['minZ', 'meanZ2', 'maxX2', 'corXZ2', 'meanMagnitude2'], dtype='object')"
,22,BaseDE,knn,0.948525971,0.857669825,0.831369795,49,0.865861186,295.9098797,"Index(['meanX', 'maxX', 'minZ', 'meanZ2', 'sdX2', 'corXZ2'], dtype='object')"
,22,BaseDE,svm,0.955077211,0.874483698,0.841790423,50,0.86357784,573.0805452,"Index(['minX', 'sdMagnitude', 'meanDif', 'sdZ2', 'minX2', 'corXY2', 'corXZ2'], dtype='object')"
,23,BaseDE,knn,0.94431446,0.871736897,0.819004941,49,0.86710205,294.4583251,"Index(['minZ', 'meanMagnitude', 'maxX2'], dtype='object')"
,23,BaseDE,svm,0.951333645,0.855594479,0.817850226,31,0.864641286,585.2367334,"Index(['minZ', 'corXZ', 'sdX2', 'sdY2', 'minX2', 'corXY2'], dtype='object')"
,24,BaseDE,knn,0.948058025,0.851689246,0.834729372,39,0.868707799,300.5504935,"Index(['maxY', 'sdX2', 'maxZ2', 'corXZ2'], dtype='object')"
,24,BaseDE,svm,0.921385119,0.760299071,0.71958193,42,0.868684938,582.5736144,"Index(['meanZ2', 'sdY2', 'corXZ2', 'sdMagnitude2'], dtype='object')"
,25,BaseDE,knn,0.948993917,0.864026617,0.81963509,49,0.863240668,308.2245955,"Index(['meanZ', 'sdZ', 'sdY2', 'maxZ2', 'minZ2', 'corXY2'], dtype='object')"
,25,BaseDE,svm,0.952269537,0.866115942,0.831875865,44,0.868066465,571.1300385,"Index(['maxZ', 'sdX2', 'minX2', 'corXY2', 'corXZ2', 'meanDif2'], dtype='object')"
,26,BaseDE,knn,0.948993917,0.86391787,0.843937513,47,0.868288816,289.4010024,"Index(['minX', 'auc', 'sdX2', 'maxX2'], dtype='object')"
,26,BaseDE,svm,0.951801591,0.862224076,0.825211474,33,0.868186509,557.894002,"Index(['minZ', 'meanY2', 'meanZ2', 'sdX2', 'corXZ2'], dtype='object')"
,27,BaseDE,knn,0.934487599,0.803441976,0.786181959,41,0.867478218,299.5170562,"Index(['sdX2', 'sdY2', 'maxZ2', 'minX2', 'corXZ2'], dtype='object')"
,27,BaseDE,svm,0.953205428,0.875778882,0.839094519,48,0.868557036,570.7351966,"Index(['maxX', 'sdX2', 'sdY2', 'minZ2'], dtype='object')"
,28,BaseDE,knn,0.938699111,0.82841652,0.796697673,48,0.864700039,305.3947201,"Index(['meanY', 'meanZ2', 'maxX2', 'corXY2', 'sdMagnitude2'], dtype='object')"
,28,BaseDE,svm,0.9508657,0.865541041,0.810791126,38,0.866765592,566.946641,"Index(['maxZ', 'meanX2', 'sdY2', 'sdZ2', 'corXZ2'], dtype='object')"
,29,BaseDE,knn,0.949929808,0.866513008,0.846365983,47,0.869332924,301.6998346,"Index(['meanX', 'minX2', 'corXZ2', 'sdMagnitude2'], dtype='object')"
,29,BaseDE,svm,0.953673374,0.876645697,0.848507,48,0.870479289,562.3417234,"Index(['minX', 'sdMagnitude', 'sdY2', 'minX2', 'corXZ2'], dtype='object')"
,30,BaseDE,knn,0.953205428,0.87486663,0.843326403,49,0.86637383,300.5973041,"Index(['meanMagnitude', 'meanZ2', 'sdX2', 'maxY2'], dtype='object')"
,30,BaseDE,svm,0.936359382,0.799653548,0.767669351,46,0.866334981,576.2742715,"Index(['sdZ', 'meanY2', 'meanZ2', 'sdX2', 'corXZ2'], dtype='object')"
,1,BaseGA,knn,0.9546092653,0.8844929934,0.8747286851,39,0.8719053553,212.5465875,"Index(['meanX', 'sdX2', 'minX2', 'corXZ2'], dtype='object')"
,1,BaseGA,svm,0.9494618624,0.845231285,0.8102652278,27,0.8733095457,695.7426488,"Index(['minX', 'minX2', 'corXZ2'], dtype='object')"
,2,BaseGA,knn,0.9546092653,0.8844929934,0.8747286851,48,0.8719053553,210.0433061,"Index(['meanX', 'sdX2', 'minX2', 'corXZ2'], dtype='object')"
,2,BaseGA,svm,0.9494618624,0.845231285,0.8102652278,34,0.8733095457,686.1523545,"Index(['minX', 'minX2', 'corXZ2'], dtype='object')"
,3,BaseGA,knn,0.9480580253,0.8546768864,0.8295121084,30,0.8729873018,212.1178985,"Index(['minZ', 'sdX2', 'minX2', 'corXZ2'], dtype='object')"
,3,BaseGA,svm,0.9494618624,0.845231285,0.8102652278,30,0.8733095457,727.9726481,"Index(['minX', 'minX2', 'corXZ2'], dtype='object')"
,4,BaseGA,knn,0.9546092653,0.8750478124,0.8443168049,27,0.8712971791,210.7356257,"Index(['maxZ', 'maxX2', 'minX2', 'corXZ2'], dtype='object')"
,4,BaseGA,svm,0.9494618624,0.845231285,0.8102652278,29,0.8733095457,655.6351295,"Index(['minX', 'minX2', 'corXZ2'], dtype='object')"
,5,BaseGA,knn,0.9522695367,0.873249964,0.85414786,14,0.8716517186,212.7504675,"Index(['meanX', 'maxX2', 'minX2', 'corXZ2'], dtype='object')"
,5,BaseGA,svm,0.9494618624,0.845231285,0.8102652278,19,0.8733095457,761.3151448,"Index(['minX', 'minX2', 'corXZ2'], dtype='object')"
,6,BaseGA,knn,0.9480580253,0.8546768864,0.8295121084,19,0.8729873018,214.0281758,"Index(['minZ', 'sdX2', 'minX2', 'corXZ2'], dtype='object')"
,6,BaseGA,svm,0.9494618624,0.845231285,0.8102652278,44,0.8733095457,746.999454,"Index(['minX', 'minX2', 'corXZ2'], dtype='object')"
,7,BaseGA,knn,0.9480580253,0.8546768864,0.8295121084,48,0.8729873018,209.6128566,"Index(['minZ', 'sdX2', 'minX2', 'corXZ2'], dtype='object')"
,7,BaseGA,svm,0.9494618624,0.845231285,0.8102652278,18,0.8733095457,706.4002213,"Index(['minX', 'minX2', 'corXZ2'], dtype='object')"
,8,BaseGA,knn,0.9546092653,0.8844929934,0.8747286851,48,0.8719053553,208.86567,"Index(['meanX', 'sdX2', 'minX2', 'corXZ2'], dtype='object')"
,8,BaseGA,svm,0.9494618624,0.845231285,0.8102652278,28,0.8733095457,689.6086566,"Index(['minX', 'minX2', 'corXZ2'], dtype='object')"
,9,BaseGA,knn,0.9471221338,0.8569722425,0.8337221786,20,0.870829149,213.2520394,"Index(['auc', 'meanX2', 'sdX2'], dtype='object')"
,9,BaseGA,svm,0.9494618624,0.845231285,0.8102652278,18,0.8733095457,721.996099,"Index(['minX', 'minX2', 'corXZ2'], dtype='object')"
,10,BaseGA,knn,0.918577445,0.7406990519,0.7227025976,24,0.8714596192,212.3932946,"Index(['minX2', 'corXZ2'], dtype='object')"
,10,BaseGA,svm,0.9494618624,0.845231285,0.8102652278,50,0.8733095457,703.3376563,"Index(['minX', 'minX2', 'corXZ2'], dtype='object')"
,11,BaseGA,knn,0.9480580253,0.8546768864,0.8295121084,15,0.8729873018,210.6610293,"Index(['minZ', 'sdX2', 'minX2', 'corXZ2'], dtype='object')"
,11,BaseGA,svm,0.9494618624,0.845231285,0.8102652278,32,0.8733095457,665.0180743,"Index(['minX', 'minX2', 'corXZ2'], dtype='object')"
,12,BaseGA,knn,0.9546092653,0.8844929934,0.8747286851,26,0.8719053553,210.817452,"Index(['meanX', 'sdX2', 'minX2', 'corXZ2'], dtype='object')"
,12,BaseGA,svm,0.9494618624,0.845231285,0.8102652278,22,0.8733095457,714.5502915,"Index(['minX', 'minX2', 'corXZ2'], dtype='object')"
,13,BaseGA,knn,0.9536733739,0.8748791437,0.8518226307,24,0.8717735115,209.4010155,"Index(['meanX', 'meanZ2', 'sdX2', 'corXZ2'], dtype='object')"
,13,BaseGA,svm,0.9471221338,0.8480735138,0.8142138627,16,0.8719018079,643.5456469,"Index(['meanZ', 'sdX2', 'maxX2', 'corXZ2'], dtype='object')"
,14,BaseGA,knn,0.9532054282,0.8729295918,0.860901909,20,0.872452635,213.3314638,"Index(['minX', 'meanZ2', 'sdX2', 'corXZ2'], dtype='object')"
,14,BaseGA,svm,0.9494618624,0.845231285,0.8102652278,18,0.8733095457,705.2702544,"Index(['minX', 'minX2', 'corXZ2'], dtype='object')"
,15,BaseGA,knn,0.918577445,0.7406990519,0.7227025976,10,0.8714596192,211.9668427,"Index(['minX2', 'corXZ2'], dtype='object')"
,15,BaseGA,svm,0.9494618624,0.845231285,0.8102652278,48,0.8733095457,682.4669626,"Index(['minX', 'minX2', 'corXZ2'], dtype='object')"
,16,BaseGA,knn,0.9546092653,0.8844929934,0.8747286851,27,0.8719053553,141.9120576,"Index(['meanX', 'sdX2', 'minX2', 'corXZ2'], dtype='object')"
,16,BaseGA,svm,0.9494618624,0.845231285,0.8102652278,35,0.8733095457,424.4093993,"Index(['minX', 'minX2', 'corXZ2'], dtype='object')"
,17,BaseGA,knn,0.948525971,0.8592905559,0.8311001179,9,0.8722817702,135.5716546,"Index(['minZ', 'meanX2', 'sdX2', 'corXZ2'], dtype='object')"
,17,BaseGA,svm,0.9494618624,0.845231285,0.8102652278,22,0.8733095457,459.567528,"Index(['minX', 'minX2', 'corXZ2'], dtype='object')"
,18,BaseGA,knn,0.9522695367,0.873249964,0.85414786,38,0.8716517186,134.2749894,"Index(['meanX', 'maxX2', 'minX2', 'corXZ2'], dtype='object')"
,18,BaseGA,svm,0.9494618624,0.845231285,0.8102652278,19,0.8733095457,439.8746939,"Index(['minX', 'minX2', 'corXZ2'], dtype='object')"
,19,BaseGA,knn,0.9522695367,0.873249964,0.85414786,47,0.8716517186,135.3904965,"Index(['meanX', 'maxX2', 'minX2', 'corXZ2'], dtype='object')"
,19,BaseGA,svm,0.9494618624,0.845231285,0.8102652278,28,0.8733095457,421.4616044,"Index(['minX', 'minX2', 'corXZ2'], dtype='object')"
,20,BaseGA,knn,0.9480580253,0.8546768864,0.8295121084,29,0.8729873018,133.2728386,"Index(['minZ', 'sdX2', 'minX2', 'corXZ2'], dtype='object')"
,20,BaseGA,svm,0.9494618624,0.845231285,0.8102652278,11,0.8733095457,467.7139156,"Index(['minX', 'minX2', 'corXZ2'], dtype='object')"
,21,BaseGA,knn,0.9546092653,0.8844929934,0.8747286851,24,0.8719053553,133.1409953,"Index(['meanX', 'sdX2', 'minX2', 'corXZ2'], dtype='object')"
,21,BaseGA,svm,0.9494618624,0.845231285,0.8102652278,24,0.8733095457,434.1420805,"Index(['minX', 'minX2', 'corXZ2'], dtype='object')"
,22,BaseGA,knn,0.9522695367,0.873249964,0.85414786,32,0.8716517186,131.0777664,"Index(['meanX', 'maxX2', 'minX2', 'corXZ2'], dtype='object')"
,22,BaseGA,svm,0.9494618624,0.845231285,0.8102652278,19,0.8733095457,467.1589451,"Index(['minX', 'minX2', 'corXZ2'], dtype='object')"
,23,BaseGA,knn,0.9532054282,0.8729295918,0.860901909,41,0.872452635,132.3146532,"Index(['minX', 'meanZ2', 'sdX2', 'corXZ2'], dtype='object')"
,23,BaseGA,svm,0.9471221338,0.8480735138,0.8142138627,12,0.8719018079,381.8385181,"Index(['meanZ', 'sdX2', 'maxX2', 'corXZ2'], dtype='object')"
,24,BaseGA,knn,0.9480580253,0.8546768864,0.8295121084,30,0.8729873018,134.3513386,"Index(['minZ', 'sdX2', 'minX2', 'corXZ2'], dtype='object')"
,24,BaseGA,svm,0.9494618624,0.845231285,0.8102652278,22,0.8733095457,402.6410096,"Index(['minX', 'minX2', 'corXZ2'], dtype='object')"
,25,BaseGA,knn,0.9546092653,0.8844929934,0.8747286851,46,0.8719053553,130.9838626,"Index(['meanX', 'sdX2', 'minX2', 'corXZ2'], dtype='object')"
,25,BaseGA,svm,0.9494618624,0.845231285,0.8102652278,13,0.8733095457,412.9478762,"Index(['minX', 'minX2', 'corXZ2'], dtype='object')"
,26,BaseGA,knn,0.939167057,0.8318336451,0.7970464764,31,0.8712191618,133.8951533,"Index(['auc', 'meanX2', 'maxX2'], dtype='object')"
,26,BaseGA,svm,0.9494618624,0.845231285,0.8102652278,24,0.8733095457,431.5047293,"Index(['minX', 'minX2', 'corXZ2'], dtype='object')"
,27,BaseGA,knn,0.9546092653,0.8844929934,0.8747286851,22,0.8719053553,135.6651115,"Index(['meanX', 'sdX2', 'minX2', 'corXZ2'], dtype='object')"
,27,BaseGA,svm,0.9494618624,0.845231285,0.8102652278,34,0.8733095457,401.6919947,"Index(['minX', 'minX2', 'corXZ2'], dtype='object')"
,28,BaseGA,knn,0.9480580253,0.8546768864,0.8295121084,47,0.8729873018,133.315223,"Index(['minZ', 'sdX2', 'minX2', 'corXZ2'], dtype='object')"
,28,BaseGA,svm,0.9494618624,0.845231285,0.8102652278,46,0.8733095457,413.5432506,"Index(['minX', 'minX2', 'corXZ2'], dtype='object')"
,29,BaseGA,knn,0.9532054282,0.8729295918,0.860901909,38,0.872452635,133.6642451,"Index(['minX', 'meanZ2', 'sdX2', 'corXZ2'], dtype='object')"
,29,BaseGA,svm,0.9494618624,0.845231285,0.8102652278,20,0.8733095457,411.0809155,"Index(['minX', 'minX2', 'corXZ2'], dtype='object')"
,30,BaseGA,knn,0.9546092653,0.8736219615,0.8668552242,18,0.8710289588,131.8326869,"Index(['minX', 'sdX2', 'maxZ2', 'corXZ2'], dtype='object')"
,30,BaseGA,svm,0.9494618624,0.845231285,0.8102652278,21,0.8733095457,433.0054255,"Index(['minX', 'minX2', 'corXZ2'], dtype='object')"
,1,OriginalABC,knn,0.9480580253,0.8546768864,0.8295121084,29,0.8729873018,447.4481287,"Index(['minZ', 'sdX2', 'minX2', 'corXZ2'], dtype='object')"
,1,OriginalABC,svm,0.9494618624,0.845231285,0.8102652278,28,0.8733095457,1188.027093,"Index(['minX', 'minX2', 'corXZ2'], dtype='object')"
,2,OriginalABC,knn,0.9480580253,0.8546768864,0.8295121084,23,0.8729873018,439.0114961,"Index(['minZ', 'sdX2', 'minX2', 'corXZ2'], dtype='object')"
,2,OriginalABC,svm,0.9494618624,0.845231285,0.8102652278,19,0.8733095457,1130.325504,"Index(['minX', 'minX2', 'corXZ2'], dtype='object')"
,3,OriginalABC,knn,0.9546092653,0.8844929934,0.8747286851,29,0.8719053553,438.7161863,"Index(['meanX', 'sdX2', 'minX2', 'corXZ2'], dtype='object')"
,3,OriginalABC,svm,0.9494618624,0.845231285,0.8102652278,15,0.8733095457,1108.210656,"Index(['minX', 'minX2', 'corXZ2'], dtype='object')"
,4,OriginalABC,knn,0.9532054282,0.8729295918,0.860901909,21,0.872452635,435.4266036,"Index(['minX', 'meanZ2', 'sdX2', 'corXZ2'], dtype='object')"
,4,OriginalABC,svm,0.9494618624,0.845231285,0.8102652278,22,0.8733095457,1139.913319,"Index(['minX', 'minX2', 'corXZ2'], dtype='object')"
,5,OriginalABC,knn,0.9546092653,0.8844929934,0.8747286851,42,0.8719053553,460.4058878,"Index(['meanX', 'sdX2', 'minX2', 'corXZ2'], dtype='object')"
,5,OriginalABC,svm,0.9494618624,0.845231285,0.8102652278,21,0.8733095457,1263.945468,"Index(['minX', 'minX2', 'corXZ2'], dtype='object')"
,6,OriginalABC,knn,0.9527374825,0.8688792374,0.8552110718,29,0.8717957811,440.7361789,"Index(['minX', 'maxZ2', 'corXZ2', 'sdMagnitude2'], dtype='object')"
,6,OriginalABC,svm,0.9494618624,0.845231285,0.8102652278,22,0.8733095457,1179.428904,"Index(['minX', 'minX2', 'corXZ2'], dtype='object')"
,7,OriginalABC,knn,0.9480580253,0.8546768864,0.8295121084,23,0.8729873018,434.4960017,"Index(['minZ', 'sdX2', 'minX2', 'corXZ2'], dtype='object')"
,7,OriginalABC,svm,0.9321478708,0.7867540982,0.7620376624,19,0.8719627043,1225.791495,"Index(['sdX2', 'maxY2', 'maxZ2', 'corXZ2'], dtype='object')"
,8,OriginalABC,knn,0.9480580253,0.8546768864,0.8295121084,12,0.8729873018,423.9717937,"Index(['minZ', 'sdX2', 'minX2', 'corXZ2'], dtype='object')"
,8,OriginalABC,svm,0.9494618624,0.845231285,0.8102652278,27,0.8733095457,1157.181239,"Index(['minX', 'minX2', 'corXZ2'], dtype='object')"
,9,OriginalABC,knn,0.9480580253,0.8546768864,0.8295121084,23,0.8729873018,442.3730314,"Index(['minZ', 'sdX2', 'minX2', 'corXZ2'], dtype='object')"
,9,OriginalABC,svm,0.9494618624,0.845231285,0.8102652278,22,0.8733095457,1165.279521,"Index(['minX', 'minX2', 'corXZ2'], dtype='object')"
,10,OriginalABC,knn,0.9532054282,0.8729295918,0.860901909,17,0.872452635,443.1475911,"Index(['minX', 'meanZ2', 'sdX2', 'corXZ2'], dtype='object')"
,10,OriginalABC,svm,0.9494618624,0.845231285,0.8102652278,22,0.8733095457,1149.299193,"Index(['minX', 'minX2', 'corXZ2'], dtype='object')"
,11,OriginalABC,knn,0.9480580253,0.8546768864,0.8295121084,32,0.8729873018,436.0865386,"Index(['minZ', 'sdX2', 'minX2', 'corXZ2'], dtype='object')"
,11,OriginalABC,svm,0.9494618624,0.845231285,0.8102652278,17,0.8733095457,1153.922432,"Index(['minX', 'minX2', 'corXZ2'], dtype='object')"
,12,OriginalABC,knn,0.9532054282,0.8729295918,0.860901909,28,0.872452635,432.0873945,"Index(['minX', 'meanZ2', 'sdX2', 'corXZ2'], dtype='object')"
,12,OriginalABC,svm,0.9494618624,0.845231285,0.8102652278,21,0.8733095457,1123.449018,"Index(['minX', 'minX2', 'corXZ2'], dtype='object')"
,13,OriginalABC,knn,0.9513336453,0.8752622192,0.8433128195,24,0.870920789,427.9666469,"Index(['maxZ', 'meanZ2', 'sdX2'], dtype='object')"
,13,OriginalABC,svm,0.956481048,0.8805605035,0.854048022,24,0.8720139193,1129.024933,"Index(['maxZ', 'meanZ2', 'sdX2', 'sdY2', 'corXZ2'], dtype='object')"
,14,OriginalABC,knn,0.939167057,0.8318336451,0.7970464764,21,0.8712191618,424.1305616,"Index(['meanMagnitude', 'meanX2', 'maxX2'], dtype='object')"
,14,OriginalABC,svm,0.9494618624,0.845231285,0.8102652278,22,0.8733095457,1156.513937,"Index(['minX', 'minX2', 'corXZ2'], dtype='object')"
,15,OriginalABC,knn,0.9513336453,0.8752622192,0.8433128195,28,0.870920789,429.2445548,"Index(['maxZ', 'meanZ2', 'sdX2'], dtype='object')"
,15,OriginalABC,svm,0.9513336453,0.8603372157,0.8218395857,23,0.8720963218,1108.045273,"Index(['minZ', 'sdX2', 'maxZ2', 'corXZ2'], dtype='object')"
,16,OriginalABC,knn,0.9480580253,0.8546768864,0.8295121084,33,0.8729873018,429.9795492,"Index(['minZ', 'sdX2', 'minX2', 'corXZ2'], dtype='object')"
,16,OriginalABC,svm,0.9494618624,0.845231285,0.8102652278,27,0.8733095457,1107.817611,"Index(['minX', 'minX2', 'corXZ2'], dtype='object')"
,17,OriginalABC,knn,0.9532054282,0.8729295918,0.860901909,30,0.872452635,429.9222522,"Index(['minX', 'meanZ2', 'sdX2', 'corXZ2'], dtype='object')"
,17,OriginalABC,svm,0.9494618624,0.845231285,0.8102652278,22,0.8733095457,1149.843218,"Index(['minX', 'minX2', 'corXZ2'], dtype='object')"
,18,OriginalABC,knn,0.9546092653,0.8844929934,0.8747286851,23,0.8719053553,418.1268282,"Index(['meanX', 'sdX2', 'minX2', 'corXZ2'], dtype='object')"
,18,OriginalABC,svm,0.9494618624,0.845231285,0.8102652278,26,0.8733095457,1135.023716,"Index(['minX', 'minX2', 'corXZ2'], dtype='object')"
,19,OriginalABC,knn,0.9532054282,0.8729295918,0.860901909,19,0.872452635,434.7739215,"Index(['minX', 'meanZ2', 'sdX2', 'corXZ2'], dtype='object')"
,19,OriginalABC,svm,0.9321478708,0.7867540982,0.7620376624,20,0.8719627043,1193.937565,"Index(['sdX2', 'maxY2', 'maxZ2', 'corXZ2'], dtype='object')"
,20,OriginalABC,knn,0.9480580253,0.8546768864,0.8295121084,18,0.8729873018,424.1100426,"Index(['minZ', 'sdX2', 'minX2', 'corXZ2'], dtype='object')"
,20,OriginalABC,svm,0.9494618624,0.845231285,0.8102652278,33,0.8733095457,1122.999133,"Index(['minX', 'minX2', 'corXZ2'], dtype='object')"
,21,OriginalABC,knn,0.9532054282,0.8729295918,0.860901909,13,0.872452635,433.5218492,"Index(['minX', 'meanZ2', 'sdX2', 'corXZ2'], dtype='object')"
,21,OriginalABC,svm,0.9494618624,0.845231285,0.8102652278,22,0.8733095457,1167.580605,"Index(['minX', 'minX2', 'corXZ2'], dtype='object')"
,22,OriginalABC,knn,0.9480580253,0.8546768864,0.8295121084,14,0.8729873018,430.7110789,"Index(['minZ', 'sdX2', 'minX2', 'corXZ2'], dtype='object')"
,22,OriginalABC,svm,0.9494618624,0.845231285,0.8102652278,27,0.8733095457,1162.467009,"Index(['minX', 'minX2', 'corXZ2'], dtype='object')"
,23,OriginalABC,knn,0.939167057,0.8318336451,0.7970464764,36,0.8712191618,435.4092064,"Index(['meanMagnitude', 'meanX2', 'maxX2'], dtype='object')"
,23,OriginalABC,svm,0.9494618624,0.845231285,0.8102652278,35,0.8733095457,1112.000505,"Index(['minX', 'minX2', 'corXZ2'], dtype='object')"
,24,OriginalABC,knn,0.9532054282,0.8729295918,0.860901909,26,0.872452635,427.2256861,"Index(['minX', 'meanZ2', 'sdX2', 'corXZ2'], dtype='object')"
,24,OriginalABC,svm,0.9494618624,0.845231285,0.8102652278,25,0.8733095457,1195.287222,"Index(['minX', 'minX2', 'corXZ2'], dtype='object')"
,25,OriginalABC,knn,0.9480580253,0.8546768864,0.8295121084,20,0.8729873018,430.7184112,"Index(['minZ', 'sdX2', 'minX2', 'corXZ2'], dtype='object')"
,25,OriginalABC,svm,0.9494618624,0.845231285,0.8102652278,16,0.8733095457,1149.704911,"Index(['minX', 'minX2', 'corXZ2'], dtype='object')"
,26,OriginalABC,knn,0.9480580253,0.8546768864,0.8295121084,38,0.8729873018,430.8561893,"Index(['minZ', 'sdX2', 'minX2', 'corXZ2'], dtype='object')"
,26,OriginalABC,svm,0.9471221338,0.8480735138,0.8142138627,16,0.8719018079,1121.097676,"Index(['meanZ', 'sdX2', 'maxX2', 'corXZ2'], dtype='object')"
,27,OriginalABC,knn,0.918577445,0.7406990519,0.7227025976,22,0.8714596192,426.800446,"Index(['minX2', 'corXZ2'], dtype='object')"
,27,OriginalABC,svm,0.956481048,0.8805605035,0.854048022,23,0.8720139193,1165.36565,"Index(['maxZ', 'meanZ2', 'sdX2', 'sdY2', 'corXZ2'], dtype='object')"
,28,OriginalABC,knn,0.9546092653,0.8844929934,0.8747286851,31,0.8719053553,434.7903721,"Index(['meanX', 'sdX2', 'minX2', 'corXZ2'], dtype='object')"
,28,OriginalABC,svm,0.9513336453,0.8603372157,0.8218395857,36,0.8720963218,1155.893562,"Index(['minZ', 'sdX2', 'maxZ2', 'corXZ2'], dtype='object')"
,29,OriginalABC,knn,0.9532054282,0.8729295918,0.860901909,19,0.872452635,426.9745305,"Index(['minX', 'meanZ2', 'sdX2', 'corXZ2'], dtype='object')"
,29,OriginalABC,svm,0.9513336453,0.8603372157,0.8218395857,40,0.8720963218,1104.664323,"Index(['minZ', 'sdX2', 'maxZ2', 'corXZ2'], dtype='object')"
,30,OriginalABC,knn,0.9480580253,0.8546768864,0.8295121084,33,0.8729873018,430.6789122,"Index(['minZ', 'sdX2', 'minX2', 'corXZ2'], dtype='object')"
,30,OriginalABC,svm,0.9513336453,0.8603372157,0.8218395857,24,0.8720963218,1149.003858,"Index(['minZ', 'sdX2', 'maxZ2', 'corXZ2'], dtype='object')"
,1,OriginalArchOA,knn,0.9546092653,0.8844929934,0.8747286851,25,0.8719053553,246.2042167,"Index(['meanX', 'sdX2', 'minX2', 'corXZ2'], dtype='object')"
,1,OriginalArchOA,svm,0.9499298081,0.8566431233,0.8308397494,25,0.871785927,679.3273382,"Index(['maxZ', 'sdX2', 'minX2', 'corXZ2'], dtype='object')"
,2,OriginalArchOA,knn,0.9251286851,0.766291792,0.7479024198,20,0.8688191966,234.7293091,"Index(['sdX2', 'minX2'], dtype='object')"
,2,OriginalArchOA,svm,0.9255966308,0.76127984,0.7350369197,21,0.8707248708,719.3922212,"Index(['maxY2', 'maxZ2', 'corXZ2', 'sdMagnitude2'], dtype='object')"
,3,OriginalArchOA,knn,0.9494618624,0.8697791782,0.854787121,27,0.8688124465,249.3022919,"Index(['sdX', 'minX', 'sdX2', 'minZ2'], dtype='object')"
,3,OriginalArchOA,svm,0.9475900796,0.8487462952,0.8142701202,42,0.871163168,700.2978387,"Index(['maxZ', 'meanX2', 'sdX2', 'corXZ2'], dtype='object')"
,4,OriginalArchOA,knn,0.9513336453,0.8752622192,0.8433128195,18,0.870920789,222.7553346,"Index(['maxZ', 'meanZ2', 'sdX2'], dtype='object')"
,4,OriginalArchOA,svm,0.9110903135,0.7112947941,0.6604187151,17,0.869568282,1001.778542,"Index(['minX2', 'corXZ2'], dtype='object')"
,5,OriginalArchOA,knn,0.9536733739,0.8748791437,0.8518226307,32,0.8717735115,233.443691,"Index(['meanX', 'meanZ2', 'sdX2', 'corXZ2'], dtype='object')"
,5,OriginalArchOA,svm,0.9541413196,0.8717168276,0.844737387,28,0.871699411,695.233834,"Index(['maxZ', 'sdX2', 'maxZ2', 'corXZ2'], dtype='object')"
,6,OriginalArchOA,knn,0.9461862424,0.8626435398,0.8239919704,25,0.869116756,232.5738392,"Index(['meanMagnitude', 'meanZ2', 'maxX2'], dtype='object')"
,6,OriginalArchOA,svm,0.9532054282,0.8757788821,0.8390945189,33,0.8685570361,584.2657082,"Index(['maxX', 'sdX2', 'sdY2', 'minZ2'], dtype='object')"
,7,OriginalArchOA,knn,0.9532054282,0.8729295918,0.860901909,33,0.872452635,232.694638,"Index(['minX', 'meanZ2', 'sdX2', 'corXZ2'], dtype='object')"
,7,OriginalArchOA,svm,0.9494618624,0.845231285,0.8102652278,15,0.8733095457,725.2772505,"Index(['minX', 'minX2', 'corXZ2'], dtype='object')"
,8,OriginalArchOA,knn,0.9461862424,0.8626435398,0.8239919704,19,0.869116756,225.3356388,"Index(['auc', 'meanZ2', 'maxX2'], dtype='object')"
,8,OriginalArchOA,svm,0.9494618624,0.8543399493,0.8284301109,26,0.8704430275,592.4178696,"Index(['maxZ', 'sdY2', 'minX2', 'corXZ2', 'sdMagnitude2'], dtype='object')"
,9,OriginalArchOA,knn,0.9532054282,0.8729295918,0.860901909,29,0.872452635,241.0951788,"Index(['minX', 'meanZ2', 'sdX2', 'corXZ2'], dtype='object')"
,9,OriginalArchOA,svm,0.9499298081,0.8602032407,0.8258894309,17,0.8691815696,614.4103308,"Index(['maxX', 'sdMagnitude', 'maxX2', 'corXZ2'], dtype='object')"
,10,OriginalArchOA,knn,0.9527374825,0.8688792374,0.8552110718,22,0.8717957811,246.5218956,"Index(['minX', 'maxZ2', 'corXZ2', 'sdMagnitude2'], dtype='object')"
,10,OriginalArchOA,svm,0.9321478708,0.791710336,0.765778409,23,0.8712402242,696.8096771,"Index(['sdX2', 'maxY2', 'minX2', 'corXZ2'], dtype='object')"
,11,OriginalArchOA,knn,0.9251286851,0.766291792,0.7479024198,15,0.8688191966,219.5954134,"Index(['sdX2', 'minX2'], dtype='object')"
,11,OriginalArchOA,svm,0.9489939167,0.8561587644,0.8223686225,23,0.8706880176,682.8498755,"Index(['meanZ', 'sdX2', 'minZ2', 'corXZ2'], dtype='object')"
,12,OriginalArchOA,knn,0.9508656996,0.8631041299,0.8374022248,18,0.8670433211,223.9961267,"Index(['maxZ', 'sdMagnitude', 'maxX2'], dtype='object')"
,12,OriginalArchOA,svm,0.951801591,0.8597442234,0.83301514,23,0.87062887,673.1431909,"Index(['minX', 'meanX2', 'sdX2', 'maxY2', 'corXZ2'], dtype='object')"
,13,OriginalArchOA,knn,0.9489939167,0.8703373243,0.8370263011,20,0.8694293187,228.5268846,"Index(['meanZ', 'meanZ2', 'sdX2'], dtype='object')"
,13,OriginalArchOA,svm,0.9546092653,0.8737500756,0.8437731642,23,0.8711657047,615.5228791,"Index(['meanZ', 'sdY2', 'maxZ2', 'corXZ2', 'sdMagnitude2'], dtype='object')"
,14,OriginalArchOA,knn,0.918577445,0.7406990519,0.7227025976,18,0.8714596192,216.795002,"Index(['minX2', 'corXZ2'], dtype='object')"
,14,OriginalArchOA,svm,0.9471221338,0.8509846215,0.8114792982,22,0.8696303114,662.0561063,"Index(['meanZ', 'maxX2', 'minX2', 'corXZ2'], dtype='object')"
,15,OriginalArchOA,knn,0.9527374825,0.8688792374,0.8552110718,22,0.8717957811,225.2276018,"Index(['minX', 'maxZ2', 'corXZ2', 'sdMagnitude2'], dtype='object')"
,15,OriginalArchOA,svm,0.9494618624,0.845231285,0.8102652278,36,0.8733095457,675.833739,"Index(['minX', 'minX2', 'corXZ2'], dtype='object')"
,16,OriginalArchOA,knn,0.918577445,0.7406990519,0.7227025976,13,0.8714596192,197.4694054,"Index(['minX2', 'corXZ2'], dtype='object')"
,16,OriginalArchOA,svm,0.9522695367,0.8686014404,0.8349479392,24,0.8692187922,533.5388324,"Index(['maxX', 'sdY2', 'maxX2', 'corXZ2', 'sdMagnitude2'], dtype='object')"
,17,OriginalArchOA,knn,0.9471221338,0.8569722425,0.8337221786,24,0.870829149,199.7337635,"Index(['meanMagnitude', 'meanX2', 'sdX2'], dtype='object')"
,17,OriginalArchOA,svm,0.9321478708,0.7867540982,0.7620376624,36,0.8719627043,601.2229719,"Index(['sdX2', 'maxY2', 'maxZ2', 'corXZ2'], dtype='object')"
,18,OriginalArchOA,knn,0.9443144595,0.8520839268,0.8286288798,14,0.8676591584,188.5108919,"Index(['minX', 'meanY2', 'maxX2', 'maxY2'], dtype='object')"
,18,OriginalArchOA,svm,0.955077211,0.8768869565,0.8348563433,42,0.8695806235,583.145628,"Index(['maxX', 'meanZ2', 'sdX2', 'corXZ2', 'auc2'], dtype='object')"
,19,OriginalArchOA,knn,0.9513336453,0.8752622192,0.8433128195,12,0.870920789,197.6914933,"Index(['maxZ', 'meanZ2', 'sdX2'], dtype='object')"
,19,OriginalArchOA,svm,0.9443144595,0.8285455507,0.797276587,21,0.8667652471,582.6068342,"Index(['meanZ', 'sdX2', 'minX2'], dtype='object')"
,20,OriginalArchOA,knn,0.9480580253,0.8546768864,0.8295121084,30,0.8729873018,194.4977479,"Index(['minZ', 'sdX2', 'minX2', 'corXZ2'], dtype='object')"
,20,OriginalArchOA,svm,0.9489939167,0.8540636855,0.824362657,17,0.8710327033,572.5545776,"Index(['meanZ', 'sdX2', 'minX2', 'corXZ2'], dtype='object')"
,21,OriginalArchOA,knn,0.9494618624,0.8717964951,0.8594012203,19,0.8698952061,197.9667439,"Index(['minX', 'meanX2', 'sdX2'], dtype='object')"
,21,OriginalArchOA,svm,0.9321478708,0.791710336,0.765778409,15,0.8712402242,570.176126,"Index(['sdX2', 'maxY2', 'minX2', 'corXZ2'], dtype='object')"
,22,OriginalArchOA,knn,0.9522695367,0.8718156442,0.8647787533,35,0.8708689332,204.9378042,"Index(['minX', 'sdX2', 'maxX2', 'corXZ2'], dtype='object')"
,22,OriginalArchOA,svm,0.9494618624,0.845231285,0.8102652278,16,0.8733095457,620.58605,"Index(['minX', 'minX2', 'corXZ2'], dtype='object')"
,23,OriginalArchOA,knn,0.9508656996,0.865606636,0.8408657555,32,0.8712825955,189.9672821,"Index(['maxX', 'meanZ2', 'sdX2', 'corXZ2'], dtype='object')"
,23,OriginalArchOA,svm,0.9513336453,0.8627320576,0.8349052186,16,0.8718740202,513.6300299,"Index(['maxX', 'sdX2', 'minX2', 'corXZ2'], dtype='object')"
,24,OriginalArchOA,knn,0.9513336453,0.8752622192,0.8433128195,21,0.870920789,192.0726368,"Index(['maxZ', 'meanZ2', 'sdX2'], dtype='object')"
,24,OriginalArchOA,svm,0.9321478708,0.7867540982,0.7620376624,20,0.8719627043,611.3328512,"Index(['sdX2', 'maxY2', 'maxZ2', 'corXZ2'], dtype='object')"
,25,OriginalArchOA,knn,0.9522695367,0.8718156442,0.8647787533,17,0.8708689332,199.9366827,"Index(['minX', 'sdX2', 'maxX2', 'corXZ2'], dtype='object')"
,25,OriginalArchOA,svm,0.956481048,0.8811452946,0.858188275,30,0.871997562,527.1901991,"Index(['meanZ', 'sdX2', 'sdY2', 'maxZ2', 'corXZ2'], dtype='object')"
,26,OriginalArchOA,knn,0.945250351,0.867074982,0.8221415724,14,0.869614373,187.2770536,"Index(['maxZ', 'maxX2', 'maxZ2'], dtype='object')"
,26,OriginalArchOA,svm,0.9513336453,0.8603372157,0.8218395857,12,0.8720963218,598.8679936,"Index(['minZ', 'sdX2', 'maxZ2', 'corXZ2'], dtype='object')"
,27,OriginalArchOA,knn,0.918577445,0.7406990519,0.7227025976,24,0.8714596192,195.8431125,"Index(['minX2', 'corXZ2'], dtype='object')"
,27,OriginalArchOA,svm,0.9344875994,0.798455194,0.7741069195,18,0.8708551379,591.8507047,"Index(['sdMagnitude', 'maxY2', 'minX2', 'corXZ2'], dtype='object')"
,28,OriginalArchOA,knn,0.9372952737,0.8282618247,0.7952231523,25,0.867966227,203.0767705,"Index(['minY', 'meanZ2', 'maxX2'], dtype='object')"
,28,OriginalArchOA,svm,0.956481048,0.8811452946,0.858188275,38,0.871997562,593.2300236,"Index(['meanZ', 'sdX2', 'sdY2', 'maxZ2', 'corXZ2'], dtype='object')"
,29,OriginalArchOA,knn,0.9471221338,0.8569722425,0.8337221786,20,0.870829149,195.4495399,"Index(['auc', 'meanX2', 'sdX2'], dtype='object')"
,29,OriginalArchOA,svm,0.9494618624,0.8563717048,0.8087345074,35,0.86807659,660.8150122,"Index(['minX', 'maxX2', 'corXZ2'], dtype='object')"
,30,OriginalArchOA,knn,0.918577445,0.7406990519,0.7227025976,28,0.8714596192,204.9749806,"Index(['minX2', 'corXZ2'], dtype='object')"
,30,OriginalArchOA,svm,0.9475900796,0.8436648837,0.8160569922,30,0.8702262688,608.5935383,"Index(['maxZ', 'minX2', 'corXZ2', 'sdMagnitude2'], dtype='object')"
,1,OriginalDO,knn,0.9508657,0.877300585,0.848451727,35,0.870172467,501.5015388,"Index(['meanZ', 'minX', 'meanZ2', 'sdX2'], dtype='object')"
,1,OriginalDO,svm,0.951801591,0.864325294,0.832793421,40,0.871657631,1397.893358,"Index(['maxX', 'sdX2', 'maxX2', 'corXZ2'], dtype='object')"
,2,OriginalDO,knn,0.953673374,0.874879144,0.851822631,41,0.871773512,532.7575624,"Index(['meanX', 'meanZ2', 'sdX2', 'corXZ2'], dtype='object')"
,2,OriginalDO,svm,0.953205428,0.86744274,0.831999944,33,0.871246728,1464.70499,"Index(['maxX', 'meanX2', 'sdX2', 'corXZ2'], dtype='object')"
,3,OriginalDO,knn,0.952737482,0.868879237,0.855211072,50,0.871795781,530.7564578,"Index(['minX', 'maxZ2', 'corXZ2', 'sdMagnitude2'], dtype='object')"
,3,OriginalDO,svm,0.949929808,0.856643123,0.830839749,33,0.871785927,1432.117916,"Index(['maxZ', 'sdX2', 'minX2', 'corXZ2'], dtype='object')"
,4,OriginalDO,knn,0.951333645,0.875262219,0.84331282,47,0.870920789,531.2876613,"Index(['maxZ', 'meanZ2', 'sdX2'], dtype='object')"
,4,OriginalDO,svm,0.949929808,0.856643123,0.830839749,41,0.871785927,1421.580779,"Index(['maxZ', 'sdX2', 'minX2', 'corXZ2'], dtype='object')"
,5,OriginalDO,knn,0.918577445,0.740699052,0.722702598,37,0.871459619,490.0690105,"Index(['minX2', 'corXZ2'], dtype='object')"
,5,OriginalDO,svm,0.956481048,0.880560503,0.854048022,30,0.872013919,1340.886431,"Index(['maxZ', 'meanZ2', 'sdX2', 'sdY2', 'corXZ2'], dtype='object')"
,6,OriginalDO,knn,0.948058025,0.854676886,0.829512108,36,0.872987302,501.6818545,"Index(['minZ', 'sdX2', 'minX2', 'corXZ2'], dtype='object')"
,6,OriginalDO,svm,0.932147871,0.786754098,0.762037662,33,0.871962704,1433.428175,"Index(['sdX2', 'maxY2', 'maxZ2', 'corXZ2'], dtype='object')"
,7,OriginalDO,knn,0.939167057,0.831833645,0.797046476,30,0.871219162,494.3381026,"Index(['auc', 'meanX2', 'maxX2'], dtype='object')"
,7,OriginalDO,svm,0.951333645,0.860337216,0.821839586,26,0.872096322,1455.822844,"Index(['minZ', 'sdX2', 'maxZ2', 'corXZ2'], dtype='object')"
,8,OriginalDO,knn,0.931679925,0.788410312,0.768922762,27,0.871304274,497.1474972,"Index(['sdX2', 'maxZ2', 'minY2', 'corXZ2'], dtype='object')"
,8,OriginalDO,svm,0.932147871,0.786754098,0.762037662,34,0.871962704,1511.779407,"Index(['sdX2', 'maxY2', 'maxZ2', 'corXZ2'], dtype='object')"
,9,OriginalDO,knn,0.954609265,0.884492993,0.874728685,28,0.871905355,502.17103,"Index(['meanX', 'sdX2', 'minX2', 'corXZ2'], dtype='object')"
,9,OriginalDO,svm,0.951333645,0.860337216,0.821839586,42,0.872096322,1300.207499,"Index(['minZ', 'sdX2', 'maxZ2', 'corXZ2'], dtype='object')"
,10,OriginalDO,knn,0.947122134,0.856972242,0.833722179,39,0.870829149,492.4731476,"Index(['auc', 'meanX2', 'sdX2'], dtype='object')"
,10,OriginalDO,svm,0.951333645,0.860337216,0.821839586,28,0.872096322,1457.415132,"Index(['minZ', 'sdX2', 'maxZ2', 'corXZ2'], dtype='object')"
,11,OriginalDO,knn,0.948058025,0.854676886,0.829512108,39,0.872987302,506.71645,"Index(['minZ', 'sdX2', 'minX2', 'corXZ2'], dtype='object')"
,11,OriginalDO,svm,0.956481048,0.881145295,0.858188275,47,0.871997562,1430.863191,"Index(['meanZ', 'sdX2', 'sdY2', 'maxZ2', 'corXZ2'], dtype='object')"
,12,OriginalDO,knn,0.952737482,0.868879237,0.855211072,34,0.871795781,499.9208536,"Index(['minX', 'maxZ2', 'corXZ2', 'sdMagnitude2'], dtype='object')"
,12,OriginalDO,svm,0.949929808,0.856643123,0.830839749,32,0.871785927,1438.992242,"Index(['maxZ', 'sdX2', 'minX2', 'corXZ2'], dtype='object')"
,13,OriginalDO,knn,0.952269537,0.873249964,0.85414786,39,0.871651719,494.8098178,"Index(['meanX', 'maxX2', 'minX2', 'corXZ2'], dtype='object')"
,13,OriginalDO,svm,0.955077211,0.876826025,0.848698641,39,0.870900244,1353.662778,"Index(['minX', 'meanZ2', 'sdX2', 'sdY2', 'corXZ2'], dtype='object')"
,14,OriginalDO,knn,0.945250351,0.863525117,0.822454923,47,0.869928881,534.4437783,"Index(['minZ', 'maxX2', 'maxZ2', 'corXZ2'], dtype='object')"
,14,OriginalDO,svm,0.956481048,0.881145295,0.858188275,35,0.871997562,1427.155265,"Index(['meanZ', 'sdX2', 'sdY2', 'maxZ2', 'corXZ2'], dtype='object')"
,15,OriginalDO,knn,0.948525971,0.859290556,0.831100118,30,0.87228177,507.8143761,"Index(['minZ', 'meanX2', 'sdX2', 'corXZ2'], dtype='object')"
,15,OriginalDO,svm,0.956481048,0.881145295,0.858188275,40,0.871997562,1412.07366,"Index(['meanZ', 'sdX2', 'sdY2', 'maxZ2', 'corXZ2'], dtype='object')"
,16,OriginalDO,knn,0.949929808,0.862980808,0.847987405,34,0.871284369,523.7909114,"Index(['maxX', 'maxZ2', 'corXZ2', 'sdMagnitude2'], dtype='object')"
,16,OriginalDO,svm,0.952269537,0.863798178,0.833707701,38,0.871179919,1353.619288,"Index(['meanX', 'sdX2', 'minX2', 'corXZ2'], dtype='object')"
,17,OriginalDO,knn,0.954609265,0.884492993,0.874728685,25,0.871905355,484.8294115,"Index(['meanX', 'sdX2', 'minX2', 'corXZ2'], dtype='object')"
,17,OriginalDO,svm,0.932147871,0.786754098,0.762037662,34,0.871962704,1385.830509,"Index(['sdX2', 'maxY2', 'maxZ2', 'corXZ2'], dtype='object')"
,18,OriginalDO,knn,0.918577445,0.740699052,0.722702598,46,0.871459619,489.0740964,"Index(['minX2', 'corXZ2'], dtype='object')"
,18,OriginalDO,svm,0.949929808,0.856643123,0.830839749,30,0.871785927,1423.207743,"Index(['maxZ', 'sdX2', 'minX2', 'corXZ2'], dtype='object')"
,19,OriginalDO,knn,0.939167057,0.831833645,0.797046476,29,0.871219162,493.1747072,"Index(['auc', 'meanX2', 'maxX2'], dtype='object')"
,19,OriginalDO,svm,0.947122134,0.848073514,0.814213863,36,0.871901808,1362.706875,"Index(['meanZ', 'sdX2', 'maxX2', 'corXZ2'], dtype='object')"
,20,OriginalDO,knn,0.954609265,0.884492993,0.874728685,44,0.871905355,498.0116584,"Index(['meanX', 'sdX2', 'minX2', 'corXZ2'], dtype='object')"
,20,OriginalDO,svm,0.951333645,0.860337216,0.821839586,36,0.872096322,1351.612643,"Index(['minZ', 'sdX2', 'maxZ2', 'corXZ2'], dtype='object')"
,21,OriginalDO,knn,0.9508657,0.877300585,0.848451727,33,0.870172467,490.5382586,"Index(['meanZ', 'minX', 'meanZ2', 'sdX2'], dtype='object')"
,21,OriginalDO,svm,0.949929808,0.856643123,0.830839749,30,0.871785927,1506.789801,"Index(['maxZ', 'sdX2', 'minX2', 'corXZ2'], dtype='object')"
,22,OriginalDO,knn,0.951333645,0.875262219,0.84331282,34,0.870920789,496.5850768,"Index(['maxZ', 'meanZ2', 'sdX2'], dtype='object')"
,22,OriginalDO,svm,0.956481048,0.880560503,0.854048022,38,0.872013919,1327.333191,"Index(['maxZ', 'meanZ2', 'sdX2', 'sdY2', 'corXZ2'], dtype='object')"
,23,OriginalDO,knn,0.931679925,0.788410312,0.768922762,36,0.871304274,487.5580478,"Index(['sdX2', 'maxZ2', 'minY2', 'corXZ2'], dtype='object')"
,23,OriginalDO,svm,0.954609265,0.878059302,0.844376067,33,0.871859806,1283.915921,"Index(['minZ', 'meanZ2', 'sdX2', 'sdY2', 'corXZ2'], dtype='object')"
,24,OriginalDO,knn,0.918577445,0.740699052,0.722702598,36,0.871459619,483.5240755,"Index(['minX2', 'corXZ2'], dtype='object')"
,24,OriginalDO,svm,0.951333645,0.860337216,0.821839586,46,0.872096322,1339.608327,"Index(['minZ', 'sdX2', 'maxZ2', 'corXZ2'], dtype='object')"
,25,OriginalDO,knn,0.939167057,0.831833645,0.797046476,33,0.871219162,503.6801908,"Index(['meanMagnitude', 'meanX2', 'maxX2'], dtype='object')"
,25,OriginalDO,svm,0.951333645,0.860337216,0.821839586,37,0.872096322,1381.421992,"Index(['minZ', 'sdX2', 'maxZ2', 'corXZ2'], dtype='object')"
,26,OriginalDO,knn,0.954609265,0.875047812,0.844316805,41,0.871297179,492.413914,"Index(['maxZ', 'maxX2', 'minX2', 'corXZ2'], dtype='object')"
,26,OriginalDO,svm,0.932147871,0.786754098,0.762037662,27,0.871962704,1517.684698,"Index(['sdX2', 'maxY2', 'maxZ2', 'corXZ2'], dtype='object')"
,27,OriginalDO,knn,0.948058025,0.854676886,0.829512108,38,0.872987302,489.8515539,"Index(['minZ', 'sdX2', 'minX2', 'corXZ2'], dtype='object')"
,27,OriginalDO,svm,0.948525971,0.84683814,0.813398549,41,0.870939881,1230.59441,"Index(['minZ', 'maxZ2', 'corXZ2', 'sdMagnitude2'], dtype='object')"
,28,OriginalDO,knn,0.948058025,0.854676886,0.829512108,42,0.872987302,502.2293992,"Index(['minZ', 'sdX2', 'minX2', 'corXZ2'], dtype='object')"
,28,OriginalDO,svm,0.951333645,0.862732058,0.834905219,30,0.87187402,1369.521355,"Index(['maxX', 'sdX2', 'minX2', 'corXZ2'], dtype='object')"
,29,OriginalDO,knn,0.954609265,0.884492993,0.874728685,44,0.871905355,500.2023497,"Index(['meanX', 'sdX2', 'minX2', 'corXZ2'], dtype='object')"
,29,OriginalDO,svm,0.956481048,0.880560503,0.854048022,46,0.872013919,1391.732894,"Index(['maxZ', 'meanZ2', 'sdX2', 'sdY2', 'corXZ2'], dtype='object')"
,30,OriginalDO,knn,0.9508657,0.877300585,0.848451727,44,0.870172467,494.6374714,"Index(['meanZ', 'minX', 'meanZ2', 'sdX2'], dtype='object')"
,30,OriginalDO,svm,0.951333645,0.860337216,0.821839586,37,0.872096322,1428.31991,"Index(['minZ', 'sdX2', 'maxZ2', 'corXZ2'], dtype='object')"
,1,OriginalGBO,knn,0.9532054282,0.8729295918,0.860901909,50,0.872452635,289.4529088,"Index(['minX', 'meanZ2', 'sdX2', 'corXZ2'], dtype='object')"
,1,OriginalGBO,svm,0.9532054282,0.8729131442,0.834723976,30,0.871106582,602.1576047,"Index(['minZ', 'meanZ2', 'sdY2', 'corXZ2', 'sdMagnitude2'], dtype='object')"
,2,OriginalGBO,knn,0.9354234909,0.8033809054,0.7854582876,49,0.8684746584,295.5935202,"Index(['meanY2', 'sdX2', 'maxZ2', 'corXZ2'], dtype='object')"
,2,OriginalGBO,svm,0.9494618624,0.845231285,0.8102652278,47,0.8733095457,617.9007814,"Index(['minX', 'minX2', 'corXZ2'], dtype='object')"
,3,OriginalGBO,knn,0.9546092653,0.8782254492,0.86415406,43,0.871073498,284.0820806,"Index(['meanX', 'sdX2', 'maxZ2', 'corXZ2'], dtype='object')"
,3,OriginalGBO,svm,0.9546092653,0.8731594153,0.8425329263,42,0.8696846795,620.5959232,"Index(['sdZ', 'maxZ', 'sdX2', 'maxZ2', 'corXZ2'], dtype='object')"
,4,OriginalGBO,knn,0.9461862424,0.8626435398,0.8239919704,45,0.869116756,272.5502386,"Index(['auc', 'meanZ2', 'maxX2'], dtype='object')"
,4,OriginalGBO,svm,0.951801591,0.8643252942,0.832793421,38,0.8716576309,582.6457658,"Index(['maxX', 'sdX2', 'maxX2', 'corXZ2'], dtype='object')"
,5,OriginalGBO,knn,0.9546092653,0.8844929934,0.8747286851,26,0.8719053553,282.8477354,"Index(['meanX', 'sdX2', 'minX2', 'corXZ2'], dtype='object')"
,5,OriginalGBO,svm,0.9522695367,0.8637981782,0.8337077013,48,0.871179919,607.1121809,"Index(['meanX', 'sdX2', 'minX2', 'corXZ2'], dtype='object')"
,6,OriginalGBO,knn,0.9532054282,0.8729295918,0.860901909,47,0.872452635,279.6692855,"Index(['minX', 'meanZ2', 'sdX2', 'corXZ2'], dtype='object')"
,6,OriginalGBO,svm,0.9555451568,0.8786837106,0.8475709295,50,0.8716966271,573.6542661,"Index(['meanZ', 'meanZ2', 'sdX2', 'sdY2', 'corXZ2'], dtype='object')"
,7,OriginalGBO,knn,0.9522695367,0.8718156442,0.8647787533,34,0.8708689332,278.9980106,"Index(['minX', 'sdX2', 'maxX2', 'corXZ2'], dtype='object')"
,7,OriginalGBO,svm,0.956481048,0.8805605035,0.854048022,40,0.8720139193,585.9790459,"Index(['maxZ', 'meanZ2', 'sdX2', 'sdY2', 'corXZ2'], dtype='object')"
,8,OriginalGBO,knn,0.918577445,0.7406990519,0.7227025976,49,0.8714596192,280.9888806,"Index(['minX2', 'corXZ2'], dtype='object')"
,8,OriginalGBO,svm,0.9541413196,0.8717168276,0.844737387,38,0.871699411,589.6182873,"Index(['maxZ', 'sdX2', 'maxZ2', 'corXZ2'], dtype='object')"
,9,OriginalGBO,knn,0.9429106224,0.8324044315,0.809207434,42,0.8703190915,270.9664931,"Index(['meanY', 'meanZ2', 'sdX2', 'corXZ2'], dtype='object')"
,9,OriginalGBO,svm,0.9457182967,0.8398522659,0.8093717286,31,0.8712908727,603.771533,"Index(['maxZ', 'sdX2', 'maxX2', 'corXZ2'], dtype='object')"
,10,OriginalGBO,knn,0.9546092653,0.8750478124,0.8443168049,40,0.8712971791,287.1198108,"Index(['maxZ', 'maxX2', 'minX2', 'corXZ2'], dtype='object')"
,10,OriginalGBO,svm,0.9513336453,0.8603372157,0.8218395857,39,0.8720963218,603.2928641,"Index(['minZ', 'sdX2', 'maxZ2', 'corXZ2'], dtype='object')"
,11,OriginalGBO,knn,0.9560131025,0.88561094,0.8498879053,40,0.8710348711,285.4600217,"Index(['meanZ', 'sdX2', 'maxZ2', 'corXZ2'], dtype='object')"
,11,OriginalGBO,svm,0.9494618624,0.845231285,0.8102652278,43,0.8733095457,575.3368871,"Index(['minX', 'minX2', 'corXZ2'], dtype='object')"
,12,OriginalGBO,knn,0.9326158166,0.7948274395,0.7653540516,47,0.8686504749,289.4219258,"Index(['sdX', 'maxX2', 'sdMagnitude2'], dtype='object')"
,12,OriginalGBO,svm,0.955077211,0.8768260252,0.848698641,50,0.8709002435,569.3637707,"Index(['minX', 'meanZ2', 'sdX2', 'sdY2', 'corXZ2'], dtype='object')"
,13,OriginalGBO,knn,0.9494618624,0.8717964951,0.8594012203,43,0.8698952061,278.0342281,"Index(['minX', 'meanX2', 'sdX2'], dtype='object')"
,13,OriginalGBO,svm,0.9255966308,0.76127984,0.7350369197,39,0.8707248708,618.2855086,"Index(['maxY2', 'maxZ2', 'corXZ2', 'sdMagnitude2'], dtype='object')"
,14,OriginalGBO,knn,0.9532054282,0.8729295918,0.860901909,48,0.872452635,294.2688475,"Index(['minX', 'meanZ2', 'sdX2', 'corXZ2'], dtype='object')"
,14,OriginalGBO,svm,0.9532054282,0.8679964676,0.8340055419,36,0.8707648772,613.0041399,"Index(['meanX', 'meanX2', 'sdX2', 'corXZ2'], dtype='object')"
,15,OriginalGBO,knn,0.945250351,0.867074982,0.8221415724,43,0.869614373,287.7634335,"Index(['maxZ', 'maxX2', 'maxZ2'], dtype='object')"
,15,OriginalGBO,svm,0.9471221338,0.8422251361,0.8011035246,46,0.8677561198,716.3412714,"Index(['maxZ', 'sdX2', 'minX2', 'corXY2'], dtype='object')"
,16,OriginalGBO,knn,0.9466541881,0.8496032983,0.8258725253,43,0.8700575719,265.4684598,"Index(['minY', 'minZ', 'meanZ2', 'sdX2'], dtype='object')"
,16,OriginalGBO,svm,0.9541413196,0.8717168276,0.844737387,48,0.871699411,565.4257467,"Index(['maxZ', 'sdX2', 'maxZ2', 'corXZ2'], dtype='object')"
,17,OriginalGBO,knn,0.9527374825,0.8688792374,0.8552110718,46,0.8717957811,275.0619435,"Index(['minX', 'maxZ2', 'corXZ2', 'sdMagnitude2'], dtype='object')"
,17,OriginalGBO,svm,0.9499298081,0.8566431233,0.8308397494,29,0.871785927,576.3087459,"Index(['maxZ', 'sdX2', 'minX2', 'corXZ2'], dtype='object')"
,18,OriginalGBO,knn,0.918577445,0.7406990519,0.7227025976,36,0.8714596192,270.4569926,"Index(['minX2', 'corXZ2'], dtype='object')"
,18,OriginalGBO,svm,0.9494618624,0.845231285,0.8102652278,50,0.8733095457,587.4027586,"Index(['minX', 'minX2', 'corXZ2'], dtype='object')"
,19,OriginalGBO,knn,0.9560131025,0.8805821561,0.8501430254,39,0.8710884758,257.3128915,"Index(['maxZ', 'sdX2', 'maxZ2', 'corXZ2'], dtype='object')"
,19,OriginalGBO,svm,0.9499298081,0.8571901762,0.8276763029,48,0.8704479792,582.6017478,"Index(['maxX', 'minX2', 'corXZ2', 'sdMagnitude2'], dtype='object')"
,20,OriginalGBO,knn,0.918577445,0.7406990519,0.7227025976,35,0.8714596192,267.5510314,"Index(['minX2', 'corXZ2'], dtype='object')"
,20,OriginalGBO,svm,0.9560131025,0.8821051668,0.8522194495,50,0.871248477,558.1722846,"Index(['maxX', 'sdX2', 'maxY2', 'maxZ2', 'corXZ2'], dtype='object')"
,21,OriginalGBO,knn,0.9522695367,0.8722510466,0.8604197741,41,0.8717007905,274.5544744,"Index(['meanX', 'meanX2', 'sdX2', 'corXZ2'], dtype='object')"
,21,OriginalGBO,svm,0.948525971,0.8468381404,0.8133985489,35,0.8709398806,541.1462779,"Index(['minZ', 'maxZ2', 'corXZ2', 'sdMagnitude2'], dtype='object')"
,22,OriginalGBO,knn,0.9489939167,0.8703373243,0.8370263011,45,0.8694293187,259.0311825,"Index(['meanZ', 'meanZ2', 'sdX2'], dtype='object')"
,22,OriginalGBO,svm,0.9494618624,0.845231285,0.8102652278,30,0.8733095457,598.1235416,"Index(['minX', 'minX2', 'corXZ2'], dtype='object')"
,23,OriginalGBO,knn,0.9532054282,0.8729295918,0.860901909,18,0.872452635,264.9568355,"Index(['minX', 'meanZ2', 'sdX2', 'corXZ2'], dtype='object')"
,23,OriginalGBO,svm,0.9546092653,0.8737500756,0.8437731642,46,0.8711657047,553.5907753,"Index(['meanZ', 'sdY2', 'maxZ2', 'corXZ2', 'sdMagnitude2'], dtype='object')"
,24,OriginalGBO,knn,0.9489939167,0.859755417,0.826890059,47,0.8691011626,268.6151857,"Index(['maxZ', 'meanZ2', 'corXZ2', 'sdMagnitude2'], dtype='object')"
,24,OriginalGBO,svm,0.9555451568,0.8790623551,0.8460537347,46,0.8692424413,531.6744277,"Index(['maxX', 'sdY2', 'sdZ2', 'minX2', 'corXZ2'], dtype='object')"
,25,OriginalGBO,knn,0.9461862424,0.8626435398,0.8239919704,41,0.869116756,252.4617302,"Index(['meanMagnitude', 'meanZ2', 'maxX2'], dtype='object')"
,25,OriginalGBO,svm,0.9494618624,0.845231285,0.8102652278,45,0.8733095457,580.2513342,"Index(['minX', 'minX2', 'corXZ2'], dtype='object')"
,26,OriginalGBO,knn,0.9461862424,0.8626435398,0.8239919704,34,0.869116756,254.1880202,"Index(['auc', 'meanZ2', 'maxX2'], dtype='object')"
,26,OriginalGBO,svm,0.9457182967,0.8429953972,0.8066964264,31,0.8707199439,572.9600637,"Index(['minZ', 'sdX2', 'maxX2', 'corXZ2'], dtype='object')"
,27,OriginalGBO,knn,0.918577445,0.7406990519,0.7227025976,40,0.8714596192,254.3049269,"Index(['minX2', 'corXZ2'], dtype='object')"
,27,OriginalGBO,svm,0.9536733739,0.8772130393,0.8431973351,49,0.86927555,540.3953331,"Index(['maxX', 'sdMagnitude', 'maxX2', 'minX2', 'corXZ2'], dtype='object')"
,28,OriginalGBO,knn,0.9532054282,0.8729295918,0.860901909,44,0.872452635,257.355653,"Index(['minX', 'meanZ2', 'sdX2', 'corXZ2'], dtype='object')"
,28,OriginalGBO,svm,0.9527374825,0.8705511389,0.8390372299,41,0.871408527,574.1353531,"Index(['maxZ', 'meanZ2', 'sdX2', 'corXZ2'], dtype='object')"
,29,OriginalGBO,knn,0.9471221338,0.8569722425,0.8337221786,18,0.870829149,251.0049183,"Index(['meanMagnitude', 'meanX2', 'sdX2'], dtype='object')"
,29,OriginalGBO,svm,0.9204492279,0.7437117473,0.7120499252,31,0.8698358615,564.2156355,"Index(['sdY2', 'minX2', 'corXZ2', 'sdMagnitude2'], dtype='object')"
,30,OriginalGBO,knn,0.9480580253,0.8546768864,0.8295121084,36,0.8729873018,253.4050324,"Index(['minZ', 'sdX2', 'minX2', 'corXZ2'], dtype='object')"
,30,OriginalGBO,svm,0.9471221338,0.8480735138,0.8142138627,42,0.8719018079,573.0145495,"Index(['meanZ', 'sdX2', 'maxX2', 'corXZ2'], dtype='object')"
,1,OriginalJA,knn,0.918577445,0.740699052,0.722702598,47,0.871459619,298.4862485,"Index(['minX2', 'corXZ2'], dtype='object')"
,1,OriginalJA,svm,0.952737482,0.868070611,0.831873892,42,0.864396099,586.1622057,"Index(['minX', 'sdY2', 'maxZ2', 'minZ2', 'corXZ2', 'meanMagnitude2', 'auc2'], dtype='object')"
,2,OriginalJA,knn,0.952737482,0.878496272,0.854589325,42,0.863493935,306.4620025,"Index(['meanX', 'meanDif', 'sdX2', 'maxX2', 'meanMagnitude2'], dtype='object')"
,2,OriginalJA,svm,0.945718297,0.828365835,0.800483002,45,0.86835326,598.8093786,"Index(['maxX', 'meanMagnitude', 'minX2', 'corXZ2'], dtype='object')"
,3,OriginalJA,knn,0.954609265,0.883510015,0.851265442,46,0.867492826,299.0946224,"Index(['meanZ', 'sdX2', 'maxZ2', 'corXY2'], dtype='object')"
,3,OriginalJA,svm,0.939635002,0.817520088,0.799307706,50,0.867387538,618.7280741,"Index(['maxY', 'sdMagnitude', 'meanX2', 'sdX2', 'sdY2', 'corXZ2'], dtype='object')"
,4,OriginalJA,knn,0.948525971,0.859290556,0.831100118,45,0.87228177,320.019136,"Index(['minZ', 'meanX2', 'sdX2', 'corXZ2'], dtype='object')"
,4,OriginalJA,svm,0.956481048,0.879767916,0.848797619,48,0.865143411,587.7675872,"Index(['sdZ', 'maxX', 'meanZ2', 'sdX2', 'sdZ2', 'corXY2', 'corXZ2'], dtype='object')"
,5,OriginalJA,knn,0.952269537,0.875669603,0.855899369,30,0.866819615,293.5529971,"Index(['meanZ', 'sdX2', 'maxX2', 'maxZ2'], dtype='object')"
,5,OriginalJA,svm,0.955545157,0.878683711,0.84757093,48,0.871696627,602.0580626,"Index(['meanZ', 'meanZ2', 'sdX2', 'sdY2', 'corXZ2'], dtype='object')"
,6,OriginalJA,knn,0.953205428,0.871654741,0.855651506,19,0.867179032,318.9121602,"Index(['minX', 'sdY2', 'minX2', 'corXZ2', 'sdMagnitude2', 'meanDif2'], dtype='object')"
,6,OriginalJA,svm,0.953205428,0.867431988,0.832440389,49,0.870367572,597.5507543,"Index(['minX', 'meanX2', 'sdX2', 'corXZ2'], dtype='object')"
,7,OriginalJA,knn,0.934019654,0.810570809,0.790654926,46,0.866084916,303.8867149,"Index(['meanY2', 'sdY2', 'minZ2', 'sdMagnitude2'], dtype='object')"
,7,OriginalJA,svm,0.935423491,0.745880433,0.763237491,39,0.865349257,572.5964673,"Index(['minZ', 'corYZ', 'maxX2'], dtype='object')"
,8,OriginalJA,knn,0.952737482,0.880169897,0.851980824,37,0.863643885,288.9243672,"Index(['maxZ', 'sdMagnitude', 'auc', 'maxZ2', 'sdMagnitude2', 'auc2'], dtype='object')"
,8,OriginalJA,svm,0.958820777,0.885731544,0.874062338,44,0.866691244,565.5564406,"Index(['sdZ', 'maxX', 'sdX2', 'sdY2', 'maxZ2', 'corXZ2', 'sdMagnitude2'], dtype='object')"
,9,OriginalJA,knn,0.950397754,0.87574616,0.838492511,49,0.864292068,317.1163545,"Index(['meanX', 'meanZ', 'meanZ2', 'corXZ2', 'meanMagnitude2', 'sdMagnitude2'], dtype='object')"
,9,OriginalJA,svm,0.956481048,0.877684877,0.854846783,49,0.869239288,585.6412494,"Index(['maxZ', 'minY', 'sdX2', 'maxZ2', 'corXZ2'], dtype='object')"
,10,OriginalJA,knn,0.952737482,0.869998889,0.859732508,35,0.869687439,263.8143458,"Index(['minX', 'sdY2', 'maxZ2', 'corXZ2', 'sdMagnitude2'], dtype='object')"
,10,OriginalJA,svm,0.915301825,0.720000835,0.692847601,37,0.870713268,627.8020163,"Index(['sdX2', 'minX2', 'corXZ2'], dtype='object')"
,11,OriginalJA,knn,0.927000468,0.784330441,0.776226368,49,0.869096088,295.5393417,"Index(['meanX2', 'sdX2'], dtype='object')"
,11,OriginalJA,svm,0.95414132,0.869279265,0.832193558,48,0.867589935,563.333456,"Index(['meanZ', 'sdX', 'sdX2', 'maxZ2', 'corXY2', 'corXZ2'], dtype='object')"
,12,OriginalJA,knn,0.946654188,0.852496577,0.826613058,50,0.867936222,309.9716918,"Index(['minY', 'minX2', 'minY2', 'corXZ2', 'sdMagnitude2'], dtype='object')"
,12,OriginalJA,svm,0.949929808,0.85994419,0.826263337,43,0.866986489,580.5983796,"Index(['minY', 'auc', 'meanZ2', 'sdY2', 'corXZ2', 'sdMagnitude2'], dtype='object')"
,13,OriginalJA,knn,0.942910622,0.832404432,0.809207434,43,0.870319092,287.8220813,"Index(['meanY', 'meanZ2', 'sdX2', 'corXZ2'], dtype='object')"
,13,OriginalJA,svm,0.940570894,0.762911031,0.781452736,49,0.866259378,616.8301287,"Index(['maxX', 'maxX2'], dtype='object')"
,14,OriginalJA,knn,0.951333645,0.890871069,0.826925569,43,0.861960685,303.3593423,"Index(['sdZ', 'maxZ', 'sdY2', 'minZ2', 'corXZ2'], dtype='object')"
,14,OriginalJA,svm,0.949461862,0.848966266,0.820107893,19,0.863092491,573.3790762,"Index(['meanZ', 'minX', 'meanMagnitude', 'sdX2', 'minX2'], dtype='object')"
,15,OriginalJA,knn,0.942910622,0.83399949,0.826291543,50,0.864616479,312.3428121,"Index(['auc', 'sdX2', 'minX2', 'corXZ2', 'sdMagnitude2'], dtype='object')"
,15,OriginalJA,svm,0.943846514,0.810744215,0.789625116,48,0.8658973,584.9034321,"Index(['meanZ', 'maxX2', 'maxY2', 'corXZ2'], dtype='object')"
,16,OriginalJA,knn,0.952737482,0.877515898,0.838818504,50,0.866418147,302.9355524,"Index(['meanZ', 'maxX2', 'minX2', 'corXZ2', 'meanMagnitude2'], dtype='object')"
,16,OriginalJA,svm,0.955077211,0.869382788,0.841383378,50,0.863599715,564.3737402,"Index(['meanX', 'maxX', 'auc', 'sdX2', 'maxZ2', 'minY2', 'corXZ2'], dtype='object')"
,17,OriginalJA,knn,0.918577445,0.740699052,0.722702598,38,0.871459619,264.4624465,"Index(['minX2', 'corXZ2'], dtype='object')"
,17,OriginalJA,svm,0.952269537,0.865513694,0.844057354,43,0.86483676,568.1387298,"Index(['sdX', 'maxY', 'auc', 'meanZ2', 'sdX2', 'sdY2', 'corXZ2'], dtype='object')"
,18,OriginalJA,knn,0.945718297,0.857140825,0.830733456,36,0.864821241,292.7887223,"Index(['meanX', 'auc', 'meanZ2', 'maxZ2', 'sdMagnitude2'], dtype='object')"
,18,OriginalJA,svm,0.940570894,0.816020752,0.796101597,34,0.86873534,558.709991,"Index(['sdX', 'meanMagnitude', 'sdX2', 'maxY2', 'maxZ2', 'corXZ2'], dtype='object')"
,19,OriginalJA,knn,0.953673374,0.89528893,0.861506863,46,0.86311986,300.5550311,"Index(['minY', 'auc', 'meanZ2', 'maxX2', 'minY2', 'meanMagnitude2'], dtype='object')"
,19,OriginalJA,svm,0.948993917,0.854094062,0.825650853,26,0.86262419,573.9454796,"Index(['minX', 'minZ', 'meanY2', 'maxZ2', 'minX2', 'minZ2', 'corXZ2'], dtype='object')"
,20,OriginalJA,knn,0.948058025,0.861086069,0.841249897,50,0.863629917,302.5788567,"Index(['sdX', 'maxY', 'meanMagnitude', 'sdX2', 'maxZ2'], dtype='object')"
,20,OriginalJA,svm,0.951801591,0.860444887,0.828804061,47,0.865786691,625.3177321,"Index(['meanZ', 'maxZ', 'sdMagnitude', 'meanZ2', 'corXZ2', 'sdMagnitude2'], dtype='object')"
,21,OriginalJA,knn,0.921385119,0.765323013,0.746385881,50,0.868460124,275.2324097,"Index(['meanZ2', 'sdX2'], dtype='object')"
,21,OriginalJA,svm,0.955545157,0.875653635,0.847548061,50,0.866803603,555.6303842,"Index(['meanY', 'meanZ', 'sdMagnitude', 'sdX2', 'minX2', 'corXZ2'], dtype='object')"
,22,OriginalJA,knn,0.948993917,0.871810342,0.842094372,38,0.866318254,291.96702,"Index(['minX', 'meanMagnitude', 'maxX2', 'meanMagnitude2'], dtype='object')"
,22,OriginalJA,svm,0.94759008,0.843664884,0.816056992,50,0.870226269,600.9029574,"Index(['maxZ', 'minX2', 'corXZ2', 'sdMagnitude2'], dtype='object')"
,23,OriginalJA,knn,0.949461862,0.870991375,0.841895509,44,0.862545581,304.4194405,"Index(['sdX', 'minZ', 'meanZ2', 'maxX2', 'minX2', 'meanMagnitude2'], dtype='object')"
,23,OriginalJA,svm,0.951333645,0.860337216,0.821839586,50,0.872096322,573.5890446,"Index(['minZ', 'sdX2', 'maxZ2', 'corXZ2'], dtype='object')"
,24,OriginalJA,knn,0.938231165,0.815642649,0.795350227,41,0.865360268,300.7292204,"Index(['auc', 'maxZ2', 'corXZ2', 'sdMagnitude2'], dtype='object')"
,24,OriginalJA,svm,0.9508657,0.856064691,0.811001541,42,0.858679297,620.0747693,"Index(['meanZ', 'sdZ', 'maxZ', 'sdMagnitude', 'sdZ2', 'minX2', 'corXY2',
       'meanMagnitude2'],
      dtype='object')"
,25,OriginalJA,knn,0.948058025,0.859824992,0.842745516,13,0.859964257,313.7061644,"Index(['meanMagnitude', 'maxX2', 'maxY2', 'maxZ2', 'corXZ2', 'sdMagnitude2',
       'auc2'],
      dtype='object')"
,25,OriginalJA,svm,0.948525971,0.870428335,0.826460418,46,0.865906907,608.665061,"Index(['maxZ', 'sdMagnitude', 'meanY2', 'sdY2', 'corXZ2', 'auc2'], dtype='object')"
,26,OriginalJA,knn,0.9508657,0.868048266,0.841158301,45,0.868154804,297.0994604,"Index(['maxY', 'auc', 'sdX2', 'minX2'], dtype='object')"
,26,OriginalJA,svm,0.955545157,0.880425385,0.840500254,50,0.865235642,578.8544705,"Index(['sdZ', 'minZ', 'corYZ', 'meanZ2', 'sdY2', 'corXZ2', 'sdMagnitude2'], dtype='object')"
,27,OriginalJA,knn,0.935891437,0.821450346,0.806058407,50,0.865492531,292.165307,"Index(['meanY2', 'maxX2', 'minX2'], dtype='object')"
,27,OriginalJA,svm,0.953673374,0.870748346,0.843220203,40,0.864046092,554.1642597,"Index(['meanZ', 'sdX2', 'maxZ2', 'minZ2', 'corXZ2', 'sdMagnitude2', 'auc2'], dtype='object')"
,28,OriginalJA,knn,0.948058025,0.862692372,0.841323978,35,0.86128671,303.4011397,"Index(['minY', 'sdX2', 'sdZ2', 'minX2'], dtype='object')"
,28,OriginalJA,svm,0.949461862,0.854802022,0.816361159,30,0.864998585,565.9878869,"Index(['meanZ', 'meanX2', 'sdY2', 'sdZ2', 'maxX2', 'corXZ2'], dtype='object')"
,29,OriginalJA,knn,0.951333645,0.889810485,0.846849138,50,0.863668938,300.179348,"Index(['meanX', 'maxZ', 'minX', 'minZ', 'maxX2'], dtype='object')"
,29,OriginalJA,svm,0.951801591,0.864174355,0.836733791,49,0.868973827,585.0992336,"Index(['meanZ', 'sdX2', 'minX2', 'corXZ2', 'auc2'], dtype='object')"
,30,OriginalJA,knn,0.918577445,0.740699052,0.722702598,45,0.871459619,267.8304477,"Index(['minX2', 'corXZ2'], dtype='object')"
,30,OriginalJA,svm,0.945250351,0.846062387,0.791175418,50,0.869443508,647.3220756,"Index(['meanZ', 'minX2', 'corXZ2'], dtype='object')"
,1,OriginalRUN,knn,0.9522695367,0.8718156442,0.8647787533,17,0.8708689332,392.9976172,"Index(['minX', 'sdX2', 'maxX2', 'corXZ2'], dtype='object')"
,1,OriginalRUN,svm,0.9480580253,0.8546919121,0.8065144,11,0.8707430265,1280.633177,"Index(['maxX', 'minX2', 'corXZ2'], dtype='object')"
,2,OriginalRUN,knn,0.918577445,0.7406990519,0.7227025976,12,0.8714596192,373.0449524,"Index(['minX2', 'corXZ2'], dtype='object')"
,2,OriginalRUN,svm,0.9499298081,0.8566431233,0.8308397494,15,0.871785927,1077.642063,"Index(['maxZ', 'sdX2', 'minX2', 'corXZ2'], dtype='object')"
,3,OriginalRUN,knn,0.9546092653,0.8844929934,0.8747286851,10,0.8719053553,397.6838591,"Index(['meanX', 'sdX2', 'minX2', 'corXZ2'], dtype='object')"
,3,OriginalRUN,svm,0.9321478708,0.791710336,0.765778409,16,0.8712402242,1093.060647,"Index(['sdX2', 'maxY2', 'minX2', 'corXZ2'], dtype='object')"
,4,OriginalRUN,knn,0.9522695367,0.873249964,0.85414786,13,0.8716517186,378.9592638,"Index(['meanX', 'maxX2', 'minX2', 'corXZ2'], dtype='object')"
,4,OriginalRUN,svm,0.9555451568,0.8796810335,0.8531138778,15,0.87014702,979.6132376,"Index(['minX', 'sdY2', 'maxZ2', 'corXZ2', 'sdMagnitude2'], dtype='object')"
,5,OriginalRUN,knn,0.948525971,0.8543629904,0.8284727733,18,0.8681705456,393.0385804,"Index(['meanX', 'maxZ2', 'corXY2', 'sdMagnitude2', 'auc2'], dtype='object')"
,5,OriginalRUN,svm,0.9513336453,0.8603372157,0.8218395857,15,0.8720963218,1115.077688,"Index(['minZ', 'sdX2', 'maxZ2', 'corXZ2'], dtype='object')"
,6,OriginalRUN,knn,0.9522695367,0.8718156442,0.8647787533,30,0.8708689332,378.2974663,"Index(['minX', 'sdX2', 'maxX2', 'corXZ2'], dtype='object')"
,6,OriginalRUN,svm,0.9471221338,0.8509846215,0.8114792982,11,0.8696303114,1059.997005,"Index(['meanZ', 'maxX2', 'minX2', 'corXZ2'], dtype='object')"
,7,OriginalRUN,knn,0.939167057,0.8318336451,0.7970464764,49,0.8712191618,376.0904782,"Index(['meanMagnitude', 'meanX2', 'maxX2'], dtype='object')"
,7,OriginalRUN,svm,0.9522695367,0.8620102842,0.8363609076,32,0.8712453234,1139.652606,"Index(['maxZ', 'meanX2', 'sdX2', 'sdY2', 'corXZ2'], dtype='object')"
,8,OriginalRUN,knn,0.9466541881,0.853038862,0.8318591741,38,0.8706054428,376.1631832,"Index(['meanMagnitude', 'sdMagnitude', 'sdX2', 'minX2'], dtype='object')"
,8,OriginalRUN,svm,0.9569489939,0.8831166973,0.859809685,17,0.8718016686,986.9249475,"Index(['maxX', 'sdX2', 'sdY2', 'maxZ2', 'corXZ2'], dtype='object')"
,9,OriginalRUN,knn,0.918577445,0.7406990519,0.7227025976,30,0.8714596192,371.8311083,"Index(['minX2', 'corXZ2'], dtype='object')"
,9,OriginalRUN,svm,0.9321478708,0.7867540982,0.7620376624,11,0.8719627043,1173.097287,"Index(['sdX2', 'maxY2', 'maxZ2', 'corXZ2'], dtype='object')"
,10,OriginalRUN,knn,0.9480580253,0.8546768864,0.8295121084,13,0.8729873018,381.7032712,"Index(['minZ', 'sdX2', 'minX2', 'corXZ2'], dtype='object')"
,10,OriginalRUN,svm,0.9471221338,0.8480735138,0.8142138627,14,0.8719018079,1035.848549,"Index(['meanZ', 'sdX2', 'maxX2', 'corXZ2'], dtype='object')"
,11,OriginalRUN,knn,0.9546092653,0.8736219615,0.8668552242,40,0.8710289588,388.2799747,"Index(['minX', 'sdX2', 'maxZ2', 'corXZ2'], dtype='object')"
,11,OriginalRUN,svm,0.9471221338,0.8480735138,0.8142138627,20,0.8719018079,1043.115511,"Index(['meanZ', 'sdX2', 'maxX2', 'corXZ2'], dtype='object')"
,12,OriginalRUN,knn,0.9326158166,0.7948274395,0.7653540516,38,0.8686504749,372.8644071,"Index(['sdX', 'maxX2', 'sdMagnitude2'], dtype='object')"
,12,OriginalRUN,svm,0.9480580253,0.8512455117,0.8135974114,44,0.8698561603,979.0925155,"Index(['minZ', 'sdX2', 'minZ2', 'corXZ2'], dtype='object')"
,13,OriginalRUN,knn,0.9508656996,0.877300585,0.8484517274,31,0.8701724671,382.9056246,"Index(['meanZ', 'minX', 'meanZ2', 'sdX2'], dtype='object')"
,13,OriginalRUN,svm,0.956481048,0.8811452946,0.858188275,20,0.871997562,1033.190859,"Index(['meanZ', 'sdX2', 'sdY2', 'maxZ2', 'corXZ2'], dtype='object')"
,14,OriginalRUN,knn,0.9396350023,0.8283180231,0.7934177451,16,0.8688853893,369.0317008,"Index(['meanX2', 'maxX2', 'meanMagnitude2'], dtype='object')"
,14,OriginalRUN,svm,0.9513336453,0.8627320576,0.8349052186,14,0.8718740202,1014.231485,"Index(['maxX', 'sdX2', 'minX2', 'corXZ2'], dtype='object')"
,15,OriginalRUN,knn,0.9522695367,0.8722510466,0.8604197741,17,0.8717007905,380.8814158,"Index(['meanX', 'meanX2', 'sdX2', 'corXZ2'], dtype='object')"
,15,OriginalRUN,svm,0.9255966308,0.76127984,0.7350369197,13,0.8707248708,1190.153678,"Index(['maxY2', 'maxZ2', 'corXZ2', 'sdMagnitude2'], dtype='object')"
,16,OriginalRUN,knn,0.939167057,0.8318336451,0.7970464764,9,0.8712191618,382.0628705,"Index(['auc', 'meanX2', 'maxX2'], dtype='object')"
,16,OriginalRUN,svm,0.9522695367,0.8637981782,0.8337077013,19,0.871179919,1041.627831,"Index(['meanX', 'sdX2', 'minX2', 'corXZ2'], dtype='object')"
,17,OriginalRUN,knn,0.918577445,0.7406990519,0.7227025976,12,0.8714596192,362.8435831,"Index(['minX2', 'corXZ2'], dtype='object')"
,17,OriginalRUN,svm,0.9471221338,0.8480735138,0.8142138627,15,0.8719018079,1037.356976,"Index(['meanZ', 'sdX2', 'maxX2', 'corXZ2'], dtype='object')"
,18,OriginalRUN,knn,0.918577445,0.7406990519,0.7227025976,17,0.8714596192,370.6572607,"Index(['minX2', 'corXZ2'], dtype='object')"
,18,OriginalRUN,svm,0.9536733739,0.869536329,0.8441000634,39,0.8710407586,1014.039652,"Index(['maxZ', 'sdMagnitude', 'sdY2', 'minX2', 'corXZ2'], dtype='object')"
,19,OriginalRUN,knn,0.945250351,0.867074982,0.8221415724,8,0.869614373,377.4758325,"Index(['maxZ', 'maxX2', 'maxZ2'], dtype='object')"
,19,OriginalRUN,svm,0.9480580253,0.8546919121,0.8065144,36,0.8707430265,1154.633307,"Index(['maxX', 'minX2', 'corXZ2'], dtype='object')"
,20,OriginalRUN,knn,0.933551708,0.8156099278,0.7809081875,9,0.8677545927,364.4071045,"Index(['maxX2', 'meanMagnitude2'], dtype='object')"
,20,OriginalRUN,svm,0.9494618624,0.845231285,0.8102652278,11,0.8733095457,1133.906674,"Index(['minX', 'minX2', 'corXZ2'], dtype='object')"
,21,OriginalRUN,knn,0.9522695367,0.873249964,0.85414786,13,0.8716517186,381.0495775,"Index(['meanX', 'maxX2', 'minX2', 'corXZ2'], dtype='object')"
,21,OriginalRUN,svm,0.9569489939,0.8831166973,0.859809685,11,0.8718016686,965.7528679,"Index(['maxX', 'sdX2', 'sdY2', 'maxZ2', 'corXZ2'], dtype='object')"
,22,OriginalRUN,knn,0.9401029481,0.8301274357,0.8131515327,45,0.8698017674,366.4490309,"Index(['sdX', 'meanMagnitude', 'sdX2', 'minX2'], dtype='object')"
,22,OriginalRUN,svm,0.9494618624,0.845231285,0.8102652278,15,0.8733095457,1157.844497,"Index(['minX', 'minX2', 'corXZ2'], dtype='object')"
,23,OriginalRUN,knn,0.9471221338,0.8569722425,0.8337221786,27,0.870829149,371.8039904,"Index(['meanMagnitude', 'meanX2', 'sdX2'], dtype='object')"
,23,OriginalRUN,svm,0.9532054282,0.8674427404,0.8319999438,13,0.8712467277,1125.870231,"Index(['maxX', 'meanX2', 'sdX2', 'corXZ2'], dtype='object')"
,24,OriginalRUN,knn,0.948525971,0.8592905559,0.8311001179,15,0.8722817702,394.2578957,"Index(['minZ', 'meanX2', 'sdX2', 'corXZ2'], dtype='object')"
,24,OriginalRUN,svm,0.9513336453,0.8627320576,0.8349052186,40,0.8718740202,1064.681076,"Index(['maxX', 'sdX2', 'minX2', 'corXZ2'], dtype='object')"
,25,OriginalRUN,knn,0.9513336453,0.8752622192,0.8433128195,13,0.870920789,373.5208673,"Index(['maxZ', 'meanZ2', 'sdX2'], dtype='object')"
,25,OriginalRUN,svm,0.9499298081,0.8566431233,0.8308397494,14,0.871785927,1052.157207,"Index(['maxZ', 'sdX2', 'minX2', 'corXZ2'], dtype='object')"
,26,OriginalRUN,knn,0.9522695367,0.873249964,0.85414786,28,0.8716517186,382.7039833,"Index(['meanX', 'maxX2', 'minX2', 'corXZ2'], dtype='object')"
,26,OriginalRUN,svm,0.956481048,0.8805605035,0.854048022,15,0.8720139193,1048.649214,"Index(['maxZ', 'meanZ2', 'sdX2', 'sdY2', 'corXZ2'], dtype='object')"
,27,OriginalRUN,knn,0.918577445,0.7406990519,0.7227025976,13,0.8714596192,367.9277725,"Index(['minX2', 'corXZ2'], dtype='object')"
,27,OriginalRUN,svm,0.9255966308,0.7373402355,0.700370287,10,0.8671227179,1164.0804,"Index(['sdX2', 'maxY2', 'minZ2', 'corXY2'], dtype='object')"
,28,OriginalRUN,knn,0.9424426766,0.8433966568,0.8131186994,31,0.8683353506,368.3546858,"Index(['meanZ2', 'maxX2', 'meanMagnitude2'], dtype='object')"
,28,OriginalRUN,svm,0.9494618624,0.845231285,0.8102652278,17,0.8733095457,1196.251864,"Index(['minX', 'minX2', 'corXZ2'], dtype='object')"
,29,OriginalRUN,knn,0.9513336453,0.8752622192,0.8433128195,12,0.870920789,368.7504377,"Index(['maxZ', 'meanZ2', 'sdX2'], dtype='object')"
,29,OriginalRUN,svm,0.940570894,0.7611076772,0.7818369129,29,0.8663868366,1432.75716,"Index(['meanZ', 'corYZ', 'maxX2', 'auc2'], dtype='object')"
,30,OriginalRUN,knn,0.9466541881,0.8496032983,0.8258725253,35,0.8700575719,370.2523761,"Index(['minY', 'minZ', 'meanZ2', 'sdX2'], dtype='object')"
,30,OriginalRUN,svm,0.9513336453,0.8603372157,0.8218395857,14,0.8720963218,1117.928677,"Index(['minZ', 'sdX2', 'maxZ2', 'corXZ2'], dtype='object')"
,1,OriginalWOA,knn,0.949461862,0.856248929,0.831793699,9,0.870722112,242.1776004,"Index(['maxX', 'meanZ2', 'corXZ2', 'sdMagnitude2'], dtype='object')"
,1,OriginalWOA,svm,0.919513336,0.737285763,0.709639267,14,0.870863612,745.7152588,"Index(['meanX2', 'sdX2', 'sdY2', 'corXZ2'], dtype='object')"
,2,OriginalWOA,knn,0.918577445,0.75534527,0.736820658,18,0.863954945,263.6303017,"Index(['minX2', 'minZ2', 'corXY2'], dtype='object')"
,2,OriginalWOA,svm,0.925596631,0.737340236,0.700370287,12,0.867122718,843.0584798,"Index(['sdX2', 'maxY2', 'minZ2', 'corXY2'], dtype='object')"
,3,OriginalWOA,knn,0.939167057,0.831833645,0.797046476,15,0.871219162,247.0983493,"Index(['meanMagnitude', 'meanX2', 'maxX2'], dtype='object')"
,3,OriginalWOA,svm,0.948058025,0.859028627,0.795430566,6,0.866483823,652.3531137,"Index(['maxX', 'sdZ2', 'maxX2'], dtype='object')"
,4,OriginalWOA,knn,0.943378568,0.852697052,0.828039525,17,0.867866113,244.7986441,"Index(['meanZ', 'maxX2', 'sdMagnitude2'], dtype='object')"
,4,OriginalWOA,svm,0.956481048,0.881145295,0.858188275,6,0.871997562,651.9221513,"Index(['meanZ', 'sdX2', 'sdY2', 'maxZ2', 'corXZ2'], dtype='object')"
,5,OriginalWOA,knn,0.951333645,0.875262219,0.84331282,9,0.870920789,248.0218973,"Index(['maxZ', 'meanZ2', 'sdX2'], dtype='object')"
,5,OriginalWOA,svm,0.932147871,0.791710336,0.765778409,11,0.871240224,698.1176736,"Index(['sdX2', 'maxY2', 'minX2', 'corXZ2'], dtype='object')"
,6,OriginalWOA,knn,0.947122134,0.856972242,0.833722179,5,0.870829149,242.6224086,"Index(['auc', 'meanX2', 'sdX2'], dtype='object')"
,6,OriginalWOA,svm,0.918109499,0.718961295,0.690239644,8,0.867461885,780.3182924,"Index(['meanMagnitude', 'sdX2', 'maxX2', 'corXY2'], dtype='object')"
,7,OriginalWOA,knn,0.94759008,0.861429331,0.829322508,10,0.864894972,240.6735785,"Index(['meanZ', 'sdMagnitude', 'maxY2', 'minZ2'], dtype='object')"
,7,OriginalWOA,svm,0.954609265,0.873750076,0.843773164,16,0.871165705,653.996314,"Index(['meanZ', 'sdY2', 'maxZ2', 'corXZ2', 'sdMagnitude2'], dtype='object')"
,8,OriginalWOA,knn,0.942442677,0.853270434,0.827290707,8,0.86496555,230.0885928,"Index(['minZ', 'minX2', 'sdMagnitude2'], dtype='object')"
,8,OriginalWOA,svm,0.9508657,0.856046581,0.823000698,7,0.869342975,644.9683528,"Index(['minX', 'sdX2', 'minZ2', 'corXZ2'], dtype='object')"
,9,OriginalWOA,knn,0.953673374,0.874879144,0.851822631,15,0.871773512,235.596096,"Index(['meanX', 'meanZ2', 'sdX2', 'corXZ2'], dtype='object')"
,9,OriginalWOA,svm,0.918109499,0.718961295,0.690239644,8,0.867461885,787.6805747,"Index(['auc', 'sdX2', 'maxX2', 'corXY2'], dtype='object')"
,10,OriginalWOA,knn,0.952737482,0.887657663,0.851018575,10,0.8686134,234.5897076,"Index(['minX', 'sdY2', 'minX2', 'minY2'], dtype='object')"
,10,OriginalWOA,svm,0.947122134,0.774927975,0.789664628,10,0.867419736,768.5530457,"Index(['maxX', 'meanX2', 'maxX2'], dtype='object')"
,11,OriginalWOA,knn,0.939167057,0.84479727,0.827465634,8,0.866025991,243.1166728,"Index(['meanZ', 'minY', 'meanZ2', 'sdMagnitude2'], dtype='object')"
,11,OriginalWOA,svm,0.952269537,0.865955773,0.832942341,14,0.869066058,639.283133,"Index(['maxX', 'meanX2', 'sdY2', 'corXZ2', 'sdMagnitude2'], dtype='object')"
,12,OriginalWOA,knn,0.942910622,0.832404432,0.809207434,12,0.870319092,232.4053819,"Index(['meanY', 'meanZ2', 'sdX2', 'corXZ2'], dtype='object')"
,12,OriginalWOA,svm,0.926532522,0.760572491,0.736223449,9,0.868420463,810.1885808,"Index(['meanX2', 'maxY2', 'corXZ2', 'sdMagnitude2'], dtype='object')"
,13,OriginalWOA,knn,0.918577445,0.740699052,0.722702598,9,0.871459619,225.3875213,"Index(['minX2', 'corXZ2'], dtype='object')"
,13,OriginalWOA,svm,0.949461862,0.845231285,0.810265228,7,0.873309546,791.1372142,"Index(['minX', 'minX2', 'corXZ2'], dtype='object')"
,14,OriginalWOA,knn,0.945250351,0.854154329,0.827312579,20,0.870067648,231.2022929,"Index(['meanMagnitude', 'meanZ2', 'sdX2'], dtype='object')"
,14,OriginalWOA,svm,0.925596631,0.773754612,0.746388989,7,0.868294137,761.2077661,"Index(['sdMagnitude', 'meanY2', 'maxX2', 'corXZ2'], dtype='object')"
,15,OriginalWOA,knn,0.932615817,0.794827439,0.765354052,9,0.868650475,236.2378542,"Index(['sdX', 'maxX2', 'sdMagnitude2'], dtype='object')"
,15,OriginalWOA,svm,0.953205428,0.86744274,0.831999944,9,0.871246728,713.0625226,"Index(['maxX', 'meanX2', 'sdX2', 'corXZ2'], dtype='object')"
,16,OriginalWOA,knn,0.9508656996,0.877300585,0.8484517274,6,0.8701724671,240.1721671,"Index(['meanZ', 'minX', 'meanZ2', 'sdX2'], dtype='object')"
,16,OriginalWOA,svm,0.9190453907,0.7386537997,0.7046989711,8,0.8689521733,718.7361679,"Index(['meanX2', 'sdY2', 'corXZ2', 'sdMagnitude2'], dtype='object')"
,17,OriginalWOA,knn,0.9251286851,0.766291792,0.7479024198,7,0.8688191966,225.7125394,"Index(['sdX2', 'minX2'], dtype='object')"
,17,OriginalWOA,svm,0.951801591,0.8643252942,0.832793421,23,0.8716576309,623.0599396,"Index(['maxX', 'sdX2', 'maxX2', 'corXZ2'], dtype='object')"
,18,OriginalWOA,knn,0.9457182967,0.859708066,0.8422557734,5,0.869250768,228.8560522,"Index(['maxZ', 'meanX2', 'sdX2'], dtype='object')"
,18,OriginalWOA,svm,0.9471221338,0.8480735138,0.8142138627,8,0.8719018079,640.5991473,"Index(['meanZ', 'sdX2', 'maxX2', 'corXZ2'], dtype='object')"
,19,OriginalWOA,knn,0.9475900796,0.8489730832,0.8199202883,19,0.8674151785,230.2886968,"Index(['minX', 'sdX2', 'minZ2', 'corXY2'], dtype='object')"
,19,OriginalWOA,svm,0.9255966308,0.7646185536,0.7309712679,11,0.8673264944,684.693465,"Index(['sdZ', 'maxX2', 'corXZ2', 'sdMagnitude2'], dtype='object')"
,20,OriginalWOA,knn,0.918577445,0.7406990519,0.7227025976,4,0.8714596192,217.7808499,"Index(['minX2', 'corXZ2'], dtype='object')"
,20,OriginalWOA,svm,0.9508656996,0.8594435017,0.8204848595,13,0.8700311637,791.4222705,"Index(['meanZ', 'meanZ2', 'corXZ2', 'sdMagnitude2'], dtype='object')"
,21,OriginalWOA,knn,0.9522695367,0.8757200453,0.858892047,11,0.8686778437,233.4697192,"Index(['minX', 'meanZ2', 'sdX2', 'auc2'], dtype='object')"
,21,OriginalWOA,svm,0.9536733739,0.8716845613,0.8384207786,6,0.8701807443,646.7255192,"Index(['meanX', 'sdX2', 'maxX2', 'corXZ2'], dtype='object')"
,22,OriginalWOA,knn,0.939167057,0.8318336451,0.7970464764,7,0.8712191618,224.8516243,"Index(['auc', 'meanX2', 'maxX2'], dtype='object')"
,22,OriginalWOA,svm,0.9494618624,0.845231285,0.8102652278,12,0.8733095457,789.1875882,"Index(['minX', 'minX2', 'corXZ2'], dtype='object')"
,23,OriginalWOA,knn,0.918577445,0.7406990519,0.7227025976,7,0.8714596192,222.7651596,"Index(['minX2', 'corXZ2'], dtype='object')"
,23,OriginalWOA,svm,0.9499298081,0.8615985613,0.8169640511,8,0.87127215,779.4497788,"Index(['minZ', 'meanZ2', 'sdX2', 'corXZ2'], dtype='object')"
,24,OriginalWOA,knn,0.9546092653,0.8884658717,0.8740934131,9,0.8688451611,230.633991,"Index(['minX', 'sdX2', 'maxX2', 'sdMagnitude2'], dtype='object')"
,24,OriginalWOA,svm,0.9532054282,0.8674319884,0.8324403895,15,0.8703675722,703.3836155,"Index(['minX', 'meanX2', 'sdX2', 'corXZ2'], dtype='object')"
,25,OriginalWOA,knn,0.9471221338,0.8569722425,0.8337221786,10,0.870829149,224.7069609,"Index(['auc', 'meanX2', 'sdX2'], dtype='object')"
,25,OriginalWOA,svm,0.9527374825,0.8705511389,0.8390372299,18,0.871408527,763.6326168,"Index(['maxZ', 'meanZ2', 'sdX2', 'corXZ2'], dtype='object')"
,26,OriginalWOA,knn,0.9475900796,0.8648769338,0.8381185719,29,0.8696250151,231.8999031,"Index(['meanMagnitude', 'sdX2', 'minX2'], dtype='object')"
,26,OriginalWOA,svm,0.9438465138,0.8542082606,0.7930800764,7,0.8656874391,689.1128597,"Index(['meanZ', 'sdX2', 'maxX2'], dtype='object')"
,27,OriginalWOA,knn,0.9489939167,0.8703373243,0.8370263011,12,0.8694293187,227.3858163,"Index(['meanZ', 'meanZ2', 'sdX2'], dtype='object')"
,27,OriginalWOA,svm,0.9255966308,0.76127984,0.7350369197,9,0.8707248708,775.3527489,"Index(['maxY2', 'maxZ2', 'corXZ2', 'sdMagnitude2'], dtype='object')"
,28,OriginalWOA,knn,0.9475900796,0.8648769338,0.8381185719,9,0.8696250151,222.4673445,"Index(['auc', 'sdX2', 'minX2'], dtype='object')"
,28,OriginalWOA,svm,0.9415067852,0.8291453227,0.7794448943,5,0.8657879478,682.2337143,"Index(['meanZ', 'maxX2', 'minX2'], dtype='object')"
,29,OriginalWOA,knn,0.9546092653,0.8884658717,0.8740934131,16,0.8688451611,231.0318713,"Index(['minX', 'sdX2', 'maxX2', 'sdMagnitude2'], dtype='object')"
,29,OriginalWOA,svm,0.940570894,0.7629110313,0.7814527361,10,0.8662593781,789.4913754,"Index(['maxX', 'maxX2'], dtype='object')"
,30,OriginalWOA,knn,0.9461862424,0.8577589246,0.8426598138,11,0.8681274355,228.6103759,"Index(['meanZ', 'sdX2', 'minZ2'], dtype='object')"
,30,OriginalWOA,svm,0.9195133365,0.737285763,0.7096392665,9,0.8708636122,689.2630632,"Index(['meanX2', 'sdX2', 'sdY2', 'corXZ2'], dtype='object')"
,1,PPSO,knn,0.9536733739,0.8748791437,0.8518226307,6,0.8717735115,210.8848763,"Index(['meanX', 'meanZ2', 'sdX2', 'corXZ2'], dtype='object')"
,1,PPSO,svm,0.9457182967,0.8415119321,0.7971654092,21,0.8671465889,831.721014,"Index(['maxX', 'maxX2', 'corXZ2'], dtype='object')"
,2,PPSO,knn,0.918577445,0.7406990519,0.7227025976,6,0.8714596192,192.7259877,"Index(['minX2', 'corXZ2'], dtype='object')"
,2,PPSO,svm,0.9499298081,0.8566431233,0.8308397494,6,0.871785927,607.3551629,"Index(['maxZ', 'sdX2', 'minX2', 'corXZ2'], dtype='object')"
,3,PPSO,knn,0.9508656996,0.8692568235,0.8613757083,7,0.8712707709,205.1043501,"Index(['maxX', 'sdX2', 'maxX2', 'corXZ2'], dtype='object')"
,3,PPSO,svm,0.9489939167,0.8561587644,0.8223686225,10,0.8706880176,653.7626598,"Index(['meanZ', 'sdX2', 'minZ2', 'corXZ2'], dtype='object')"
,4,PPSO,knn,0.9489939167,0.869470861,0.8308126174,9,0.8658454444,214.4483149,"Index(['minZ', 'sdY2', 'maxZ2', 'minZ2', 'corXY2'], dtype='object')"
,4,PPSO,svm,0.9344875994,0.798455194,0.7741069195,13,0.8708551379,706.7139144,"Index(['sdMagnitude', 'maxY2', 'minX2', 'corXZ2'], dtype='object')"
,5,PPSO,knn,0.9461862424,0.8626435398,0.8239919704,11,0.869116756,197.5852211,"Index(['auc', 'meanZ2', 'maxX2'], dtype='object')"
,5,PPSO,svm,0.9415067852,0.8420646364,0.8056494708,7,0.8640510685,775.1391771,"Index(['maxZ', 'sdMagnitude', 'maxY2', 'corXZ2', 'meanMagnitude2'], dtype='object')"
,6,PPSO,knn,0.9340196537,0.8105708094,0.7906549261,9,0.8660849164,200.8011589,"Index(['meanY2', 'sdY2', 'minZ2', 'sdMagnitude2'], dtype='object')"
,6,PPSO,svm,0.9167056621,0.7192307389,0.6923404209,11,0.8665679493,642.2135637,"Index(['sdX', 'sdZ2', 'maxX2', 'corXZ2'], dtype='object')"
,7,PPSO,knn,0.9401029481,0.8394102343,0.8098695641,7,0.865782602,195.7592738,"Index(['auc', 'sdY2', 'minX2', 'sdMagnitude2'], dtype='object')"
,7,PPSO,svm,0.9527374825,0.8705511389,0.8390372299,8,0.871408527,763.4170029,"Index(['maxZ', 'meanZ2', 'sdX2', 'corXZ2'], dtype='object')"
,8,PPSO,knn,0.918577445,0.7406990519,0.7227025976,7,0.8714596192,187.1136935,"Index(['minX2', 'corXZ2'], dtype='object')"
,8,PPSO,svm,0.9536733739,0.8716845613,0.8384207786,7,0.8701807443,580.2973239,"Index(['meanX', 'sdX2', 'maxX2', 'corXZ2'], dtype='object')"
,9,PPSO,knn,0.9503977539,0.8705613097,0.8583661602,8,0.8688260447,195.1339779,"Index(['meanX', 'sdMagnitude', 'sdX2', 'maxZ2'], dtype='object')"
,9,PPSO,svm,0.9513336453,0.8681527864,0.8286333041,7,0.868886547,621.9822326,"Index(['meanX', 'sdMagnitude', 'maxX2', 'corXZ2'], dtype='object')"
,10,PPSO,knn,0.9489939167,0.8703373243,0.8370263011,7,0.8694293187,193.6835246,"Index(['meanZ', 'meanZ2', 'sdX2'], dtype='object')"
,10,PPSO,svm,0.9522695367,0.8744537026,0.835040602,7,0.8671087007,597.4881284,"Index(['meanX', 'sdMagnitude', 'sdY2', 'maxZ2', 'corXZ2'], dtype='object')"
,11,PPSO,knn,0.918577445,0.7406990519,0.7227025976,6,0.8714596192,189.3619533,"Index(['minX2', 'corXZ2'], dtype='object')"
,11,PPSO,svm,0.9494618624,0.845231285,0.8102652278,8,0.8733095457,729.6086257,"Index(['minX', 'minX2', 'corXZ2'], dtype='object')"
,12,PPSO,knn,0.9340196537,0.8114311458,0.784120612,6,0.8666194109,195.7133715,"Index(['sdX', 'maxX2', 'maxY2'], dtype='object')"
,12,PPSO,svm,0.9503977539,0.8574551188,0.821390851,12,0.8656826349,601.5924199,"Index(['meanX', 'corXY', 'sdMagnitude', 'sdY2', 'minZ2', 'corXZ2'], dtype='object')"
,13,PPSO,knn,0.936827328,0.8299026929,0.7986274321,7,0.8644911885,190.7223754,"Index(['meanMagnitude', 'minX2', 'sdMagnitude2'], dtype='object')"
,13,PPSO,svm,0.9382311652,0.8284686757,0.7751558391,6,0.8699578515,785.1144536,"Index(['meanMagnitude', 'sdX2', 'maxZ2', 'corXZ2'], dtype='object')"
,14,PPSO,knn,0.9461862424,0.8735187747,0.8297172508,9,0.8646531601,202.8413126,"Index(['minX', 'sdY2', 'maxY2', 'minZ2'], dtype='object')"
,14,PPSO,svm,0.927468414,0.7711473972,0.7356649701,11,0.8698543866,746.1253681,"Index(['minX2', 'corXY2', 'corXZ2', 'sdMagnitude2'], dtype='object')"
,15,PPSO,knn,0.941974731,0.8516401441,0.8359066708,8,0.865337826,192.9267676,"Index(['sdX', 'minZ', 'minX2'], dtype='object')"
,15,PPSO,svm,0.9255966308,0.76127984,0.7350369197,7,0.8707248708,752.7905946,"Index(['maxY2', 'maxZ2', 'corXZ2', 'sdMagnitude2'], dtype='object')"
,16,PPSO,knn,0.945250351,0.86707498,0.8221415724,14,0.869614373,208.8369689,"Index(['maxZ', 'maxX2', 'maxZ2'], dtype='object')"
,16,PPSO,svm,0.951801591,0.8643252942,0.83279342,14,0.8716576309,564.5061595,"Index(['maxX', 'sdX2', 'maxX2', 'corXZ2'], dtype='object')"
,17,PPSO,knn,0.94197473,0.8384135384,0.8106945037,27,0.8686157895,205.8276992,"Index(['meanZ2', 'sdX2', 'meanMagnitude2'], dtype='object')"
,17,PPSO,svm,0.9096864764,0.6318055053,0.64874477,7,0.8618147258,677.5761707,"Index(['sdZ2', 'minX2'], dtype='object')"
,18,PPSO,knn,0.948525971,0.8648333485,0.859520957,7,0.8700057409,214.7273412,"Index(['meanX', 'sdX', 'meanX2', 'sdX2'], dtype='object')"
,18,PPSO,svm,0.9382311652,0.722276624,0.7430736563,8,0.8643749138,1015.830665,"Index(['minY', 'minX2', 'corXY2'], dtype='object')"
,19,PPSO,knn,0.945250351,0.8541543292,0.827312579,10,0.8700676475,206.8702624,"Index(['meanMagnitude', 'meanZ2', 'sdX2'], dtype='object')"
,19,PPSO,svm,0.9461862424,0.848759268,0.8120364872,6,0.8707453667,605.8828864,"Index(['maxZ', 'maxX2', 'minX2', 'corXZ2'], dtype='object')"
,20,PPSO,knn,0.9471221338,0.8579070666,0.84011587,8,0.87047441,209.6390905,"Index(['minX', 'maxX2', 'corXZ2'], dtype='object')"
,20,PPSO,svm,0.9532054282,0.8674427404,0.8319999438,7,0.8712467277,634.506053,"Index(['maxX', 'meanX2', 'sdX2', 'corXZ2'], dtype='object')"
,21,PPSO,knn,0.9372952737,0.82855982,0.80532393,8,0.86840807,207.4516087,"Index(['sdX', 'meanMagnitude', 'maxX2'], dtype='object')"
,21,PPSO,svm,0.9475900796,0.8517681822,0.8002673271,11,0.869793515,901.2552707,"Index(['maxZ', 'minX2', 'corXZ2'], dtype='object')"
,22,PPSO,knn,0.9372952737,0.82855982,0.80532393,6,0.86840807,205.8499238,"Index(['sdX', 'auc', 'maxX2'], dtype='object')"
,22,PPSO,svm,0.9541413196,0.8718441563,0.8333411331,8,0.87030845,619.104399,"Index(['minX', 'meanZ2', 'sdX2', 'corXZ2'], dtype='object')"
,23,PPSO,knn,0.94337857,0.8640640949,0.826325441,5,0.8662973641,204.7245011,"Index(['meanY', 'minZ', 'meanY2', 'maxX2'], dtype='object')"
,23,PPSO,svm,0.9284043051,0.7793102591,0.7306024536,7,0.8656820685,659.0306122,"Index(['sdZ2', 'maxY2', 'minX2', 'corXY2', 'corYZ2'], dtype='object')"
,24,PPSO,knn,0.9377632195,0.8357698279,0.7961770817,6,0.864871742,199.7941244,"Index(['meanY', 'minX2', 'corXY2'], dtype='object')"
,24,PPSO,svm,0.9461862424,0.839761467,0.7882036241,16,0.866172221,661.7105021,"Index(['meanZ', 'minZ2', 'corXY2', 'sdMagnitude2'], dtype='object')"
,25,PPSO,knn,0.9344875994,0.8032687131,0.7782050414,10,0.8660752844,198.0307376,"Index(['sdZ2', 'maxX2', 'minX2'], dtype='object')"
,25,PPSO,svm,0.9522695367,0.8744537026,0.835040602,31,0.8671087007,609.9255474,"Index(['meanX', 'sdMagnitude', 'sdY2', 'maxZ2', 'corXZ2'], dtype='object')"
,26,PPSO,knn,0.91717361,0.7466267096,0.726024508,9,0.868861149,200.4319382,"Index(['meanX2', 'corXZ2', 'sdMagnitude2'], dtype='object')"
,26,PPSO,svm,0.9443144595,0.8285455507,0.797276587,20,0.8667652471,612.7855024,"Index(['meanZ', 'sdX2', 'minX2'], dtype='object')"
,27,PPSO,knn,0.9326158166,0.8138866642,0.7978391011,14,0.8664030216,202.9277172,"Index(['meanY2', 'sdX2', 'auc2'], dtype='object')"
,27,PPSO,svm,0.9293401965,0.8128959889,0.7265090854,9,0.8660480879,889.0704744,"Index(['auc', 'meanZ2', 'sdX2'], dtype='object')"
,28,PPSO,knn,0.9396350023,0.8283180231,0.7934177451,6,0.8688853893,197.4625311,"Index(['meanX2', 'maxX2', 'auc2'], dtype='object')"
,28,PPSO,svm,0.951801591,0.8643252942,0.83279342,11,0.8716576309,538.2770283,"Index(['maxX', 'sdX2', 'maxX2', 'corXZ2'], dtype='object')"
,29,PPSO,knn,0.9475900796,0.8648769338,0.8381185719,13,0.8696250151,197.353868,"Index(['meanMagnitude', 'sdX2', 'minX2'], dtype='object')"
,29,PPSO,svm,0.9494618624,0.84523129,0.8102652278,10,0.8733095457,694.0226436,"Index(['minX', 'minX2', 'corXZ2'], dtype='object')"
,30,PPSO,knn,0.918577445,0.7480275315,0.7424331535,8,0.8703981437,200.0879023,"Index(['sdX2', 'maxX2', 'corXZ2'], dtype='object')"
,30,PPSO,svm,0.9555451568,0.8778519919,0.8523256492,10,0.8700534085,552.5056479,"Index(['maxX', 'sdY2', 'maxZ2', 'corXZ2', 'sdMagnitude2'], dtype='object')"